,Symbol,Date,Open,High,Low,Close
0,180640:KS,02/11/2018,19550.0,20100.0,19550.0,20100.0
1,180640:KS,01/11/2018,19150.0,20000.0,19000.0,19500.0
2,180640:KS,31/10/2018,18600.0,19450.0,18150.0,19300.0
3,180640:KS,30/10/2018,18000.0,18850.0,18000.0,18600.0
4,180640:KS,29/10/2018,18700.0,19200.0,18050.0,18500.0
5,180640:KS,26/10/2018,19850.0,19950.0,18700.0,19050.0
6,180640:KS,25/10/2018,19600.0,19800.0,19150.0,19800.0
7,180640:KS,24/10/2018,20250.0,20350.0,19700.0,19900.0
8,180640:KS,23/10/2018,20400.0,20500.0,19150.0,19800.0
9,180640:KS,22/10/2018,20950.0,20950.0,19800.0,20350.0
10,180640:KS,19/10/2018,20450.0,21200.0,20250.0,20950.0
11,180640:KS,18/10/2018,19700.0,21150.0,19650.0,20550.0
12,180640:KS,17/10/2018,19350.0,19850.0,19100.0,19800.0
13,180640:KS,16/10/2018,19550.0,19950.0,18900.0,19000.0
14,180640:KS,15/10/2018,20000.0,20000.0,19250.0,19700.0
15,180640:KS,12/10/2018,20400.0,20400.0,19550.0,19950.0
16,180640:KS,11/10/2018,19800.0,20650.0,19600.0,20650.0
17,180640:KS,10/10/2018,21400.0,21400.0,20050.0,20450.0
18,180640:KS,08/10/2018,21400.0,21850.0,20850.0,21350.0
19,180640:KS,05/10/2018,21650.0,21950.0,21150.0,21950.0
20,180640:KS,04/10/2018,22200.0,22350.0,21350.0,22050.0
21,180640:KS,02/10/2018,22950.0,22950.0,22050.0,22200.0
22,180640:KS,01/10/2018,22700.0,23250.0,22600.0,23000.0
23,180640:KS,28/09/2018,22200.0,22600.0,22050.0,22500.0
24,180640:KS,27/09/2018,22050.0,22200.0,21350.0,22100.0
25,180640:KS,21/09/2018,22450.0,22750.0,21800.0,22050.0
26,180640:KS,20/09/2018,22300.0,22300.0,21750.0,22200.0
27,180640:KS,19/09/2018,22300.0,22650.0,21900.0,22300.0
28,180640:KS,18/09/2018,22350.0,23050.0,22000.0,22500.0
29,180640:KS,17/09/2018,21650.0,22550.0,21650.0,22500.0
30,180640:KS,14/09/2018,21300.0,22250.0,21100.0,21700.0
31,180640:KS,13/09/2018,20000.0,21050.0,20000.0,21050.0
32,180640:KS,12/09/2018,19850.0,20650.0,19750.0,19950.0
33,180640:KS,11/09/2018,18250.0,19300.0,18100.0,19300.0
34,180640:KS,10/09/2018,18400.0,18550.0,17900.0,18200.0
35,180640:KS,07/09/2018,17600.0,18500.0,17500.0,18500.0
36,180640:KS,06/09/2018,17700.0,17750.0,17450.0,17500.0
37,180640:KS,05/09/2018,17950.0,18050.0,17650.0,17650.0
38,180640:KS,04/09/2018,17800.0,17950.0,17500.0,17900.0
39,180640:KS,03/09/2018,18050.0,18250.0,17700.0,17800.0
40,180640:KS,31/08/2018,18550.0,18550.0,17950.0,18100.0
41,180640:KS,30/08/2018,18750.0,18750.0,18400.0,18600.0
42,180640:KS,29/08/2018,19100.0,19150.0,18500.0,18750.0
43,180640:KS,28/08/2018,18700.0,19250.0,18500.0,19100.0
44,180640:KS,27/08/2018,18450.0,18800.0,18350.0,18650.0
45,180640:KS,24/08/2018,17950.0,18600.0,17700.0,18550.0
46,180640:KS,23/08/2018,17750.0,17950.0,17600.0,17850.0
47,180640:KS,22/08/2018,17800.0,18350.0,17700.0,17700.0
48,180640:KS,21/08/2018,17550.0,17850.0,17550.0,17800.0
49,180640:KS,20/08/2018,17850.0,18100.0,17550.0,17600.0
50,180640:KS,17/08/2018,17300.0,19000.0,17300.0,17950.0
51,180640:KS,16/08/2018,17200.0,17250.0,16450.0,17000.0
52,180640:KS,14/08/2018,17250.0,17500.0,17100.0,17400.0
53,180640:KS,13/08/2018,17750.0,17850.0,17050.0,17300.0
54,180640:KS,10/08/2018,18000.0,18100.0,17750.0,17900.0
55,180640:KS,09/08/2018,17850.0,18100.0,17800.0,18100.0
56,180640:KS,08/08/2018,17950.0,18000.0,17650.0,17850.0
57,180640:KS,07/08/2018,18150.0,18150.0,17650.0,17950.0
58,180640:KS,06/08/2018,18050.0,18250.0,17850.0,18050.0
59,180640:KS,03/08/2018,18450.0,18800.0,17750.0,18150.0
60,180640:KS,02/08/2018,18550.0,18900.0,18100.0,18450.0
61,180640:KS,01/08/2018,18250.0,19050.0,18100.0,18700.0
62,180640:KS,31/07/2018,17350.0,18500.0,17350.0,18400.0
63,180640:KS,30/07/2018,17500.0,17650.0,17250.0,17350.0
64,180640:KS,27/07/2018,17400.0,17750.0,17250.0,17600.0
65,180640:KS,26/07/2018,16950.0,17600.0,16950.0,17550.0
66,180640:KS,25/07/2018,16550.0,16950.0,16400.0,16800.0
67,180640:KS,24/07/2018,17000.0,17000.0,16150.0,16500.0
68,180640:KS,23/07/2018,16900.0,17100.0,16700.0,16850.0
69,180640:KS,20/07/2018,16850.0,17050.0,16200.0,17000.0
70,180640:KS,19/07/2018,17450.0,17550.0,16850.0,17100.0
71,180640:KS,18/07/2018,17450.0,17650.0,17300.0,17400.0
72,180640:KS,17/07/2018,17250.0,18100.0,17250.0,17350.0
73,180640:KS,16/07/2018,18150.0,18150.0,17300.0,17350.0
74,180640:KS,13/07/2018,17350.0,18200.0,17100.0,18000.0
75,180640:KS,12/07/2018,17550.0,17650.0,16950.0,17150.0
76,180640:KS,11/07/2018,17450.0,17700.0,17200.0,17550.0
77,180640:KS,10/07/2018,17000.0,18050.0,16950.0,17600.0
78,180640:KS,09/07/2018,16500.0,17150.0,16450.0,16900.0
79,180640:KS,06/07/2018,16400.0,16600.0,16000.0,16500.0
80,180640:KS,05/07/2018,16200.0,16550.0,16050.0,16450.0
81,180640:KS,04/07/2018,15900.0,16600.0,15900.0,16150.0
82,180640:KS,03/07/2018,16250.0,16550.0,15800.0,16050.0
83,180640:KS,02/07/2018,16850.0,17000.0,16000.0,16050.0
84,180640:KS,29/06/2018,16900.0,17600.0,16700.0,16900.0
85,180640:KS,28/06/2018,16700.0,17200.0,16600.0,16800.0
86,180640:KS,27/06/2018,17650.0,17650.0,16350.0,16850.0
87,180640:KS,26/06/2018,17350.0,17950.0,17300.0,17800.0
88,180640:KS,25/06/2018,17200.0,17800.0,17050.0,17650.0
89,180640:KS,22/06/2018,17500.0,17650.0,16800.0,17150.0
90,180640:KS,21/06/2018,19050.0,19150.0,17500.0,17650.0
91,180640:KS,20/06/2018,18900.0,19350.0,18650.0,19200.0
92,180640:KS,19/06/2018,19450.0,19700.0,18650.0,19100.0
93,180640:KS,18/06/2018,20400.0,20450.0,19400.0,19750.0
94,180640:KS,15/06/2018,21650.0,21900.0,20250.0,20450.0
95,180640:KS,14/06/2018,22000.0,22450.0,21550.0,21650.0
96,180640:KS,12/06/2018,21700.0,22650.0,21600.0,22200.0
97,180640:KS,11/06/2018,21000.0,21700.0,20950.0,21600.0
98,180640:KS,08/06/2018,21250.0,21400.0,20700.0,21000.0
99,180640:KS,07/06/2018,22300.0,22350.0,20900.0,21100.0
100,180640:KS,05/06/2018,22850.0,22900.0,22300.0,22400.0
101,180640:KS,04/06/2018,23450.0,23550.0,22550.0,22750.0
102,180640:KS,01/06/2018,23200.0,23550.0,22750.0,23550.0
103,180640:KS,31/05/2018,22000.0,23200.0,21700.0,23200.0
104,180640:KS,30/05/2018,22350.0,22400.0,21350.0,21700.0
105,180640:KS,29/05/2018,22350.0,22550.0,22150.0,22350.0
106,180640:KS,28/05/2018,21750.0,22800.0,21750.0,22400.0
107,180640:KS,25/05/2018,21150.0,22050.0,20800.0,21700.0
108,180640:KS,24/05/2018,20900.0,21300.0,20850.0,21050.0
109,180640:KS,23/05/2018,22000.0,22000.0,20700.0,20850.0
110,180640:KS,21/05/2018,22400.0,22400.0,21900.0,22000.0
111,180640:KS,18/05/2018,22200.0,22450.0,22000.0,22200.0
112,180640:KS,17/05/2018,22750.0,22850.0,22100.0,22200.0
113,180640:KS,16/05/2018,22550.0,23000.0,22350.0,22650.0
114,180640:KS,15/05/2018,23600.0,23900.0,22400.0,22500.0
115,180640:KS,14/05/2018,23150.0,23600.0,22700.0,23600.0
116,180640:KS,08/05/2018,24500.0,24500.0,23300.0,23900.0
117,180640:KS,04/05/2018,23700.0,24350.0,23650.0,24250.0
118,180640:KS,03/05/2018,24050.0,24500.0,23550.0,23650.0
119,180640:KS,02/05/2018,24600.0,24800.0,23700.0,24150.0
120,180640:KS,30/04/2018,24950.0,24950.0,24050.0,24500.0
121,180640:KS,27/04/2018,24900.0,25300.0,24400.0,24900.0
122,180640:KS,26/04/2018,24700.0,25450.0,24250.0,24700.0
123,180640:KS,25/04/2018,25300.0,25900.0,24300.0,24700.0
124,180640:KS,24/04/2018,24500.0,26200.0,24500.0,25550.0
125,180640:KS,23/04/2018,22700.0,24500.0,22450.0,24500.0
126,180640:KS,20/04/2018,22550.0,23150.0,22350.0,22950.0
127,180640:KS,19/04/2018,22900.0,23100.0,22300.0,22550.0
128,180640:KS,18/04/2018,22300.0,23350.0,22200.0,23100.0
129,180640:KS,17/04/2018,22200.0,22650.0,22000.0,22500.0
130,180640:KS,16/04/2018,21650.0,22200.0,21300.0,22200.0
131,180640:KS,13/04/2018,22100.0,22300.0,21750.0,22050.0
132,180640:KS,12/04/2018,23300.0,23300.0,21750.0,21850.0
133,180640:KS,11/04/2018,23500.0,23850.0,23250.0,23350.0
134,180640:KS,10/04/2018,23300.0,23850.0,22850.0,23500.0
135,180640:KS,09/04/2018,22750.0,23450.0,22450.0,23200.0
136,180640:KS,06/04/2018,22650.0,23150.0,22650.0,22900.0
137,180640:KS,05/04/2018,22650.0,23100.0,22450.0,22950.0
138,180640:KS,04/04/2018,22900.0,23050.0,22350.0,22400.0
139,180640:KS,03/04/2018,21200.0,22900.0,21200.0,22750.0
140,180640:KS,02/04/2018,21250.0,21900.0,21100.0,21500.0
141,180640:KS,30/03/2018,19950.0,21000.0,19950.0,20900.0
142,180640:KS,29/03/2018,19200.0,19900.0,19150.0,19700.0
143,180640:KS,28/03/2018,19050.0,19400.0,19000.0,19200.0
144,180640:KS,27/03/2018,19350.0,19650.0,19200.0,19350.0
145,180640:KS,26/03/2018,19400.0,19550.0,18700.0,19150.0
146,180640:KS,23/03/2018,19900.0,20200.0,19400.0,19450.0
147,180640:KS,22/03/2018,20400.0,20700.0,20150.0,20450.0
148,180640:KS,21/03/2018,20300.0,20450.0,20150.0,20350.0
149,180640:KS,20/03/2018,20200.0,20400.0,20050.0,20350.0
150,180640:KS,19/03/2018,20500.0,20500.0,20150.0,20350.0
151,180640:KS,16/03/2018,21050.0,21050.0,20300.0,20500.0
152,180640:KS,15/03/2018,20550.0,21100.0,20350.0,20950.0
153,180640:KS,14/03/2018,20000.0,20850.0,19900.0,20800.0
154,180640:KS,13/03/2018,20800.0,21050.0,20150.0,20250.0
155,180640:KS,12/03/2018,20650.0,21000.0,20250.0,20800.0
156,180640:KS,09/03/2018,20100.0,20750.0,20100.0,20550.0
157,180640:KS,08/03/2018,20050.0,20100.0,19750.0,20000.0
158,180640:KS,07/03/2018,20200.0,20700.0,19800.0,19800.0
159,180640:KS,06/03/2018,19600.0,20250.0,19550.0,20000.0
160,180640:KS,05/03/2018,19500.0,19850.0,19250.0,19400.0
161,180640:KS,02/03/2018,20000.0,20200.0,19550.0,19800.0
162,180640:KS,28/02/2018,20550.0,20700.0,20100.0,20300.0
163,180640:KS,27/02/2018,20750.0,21050.0,20650.0,20700.0
164,180640:KS,26/02/2018,21300.0,21500.0,20450.0,20700.0
165,180640:KS,23/02/2018,21000.0,21250.0,20850.0,21200.0
166,180640:KS,22/02/2018,21350.0,21350.0,20800.0,20950.0
167,180640:KS,21/02/2018,21700.0,21800.0,21400.0,21500.0
168,180640:KS,20/02/2018,21950.0,22300.0,21550.0,21600.0
169,180640:KS,19/02/2018,21550.0,22300.0,21500.0,22200.0
170,180640:KS,14/02/2018,21500.0,21650.0,21150.0,21350.0
171,180640:KS,13/02/2018,21850.0,22050.0,21050.0,21350.0
172,180640:KS,12/02/2018,22700.0,22800.0,21800.0,21800.0
173,180640:KS,09/02/2018,21400.0,22200.0,20950.0,22100.0
174,180640:KS,08/02/2018,21050.0,22350.0,20950.0,21950.0
175,180640:KS,07/02/2018,22600.0,22600.0,21250.0,21250.0
176,180640:KS,06/02/2018,21750.0,22350.0,20600.0,22050.0
177,180640:KS,05/02/2018,21950.0,23000.0,21850.0,22550.0
178,180640:KS,02/02/2018,23350.0,23350.0,22650.0,22650.0
179,180640:KS,01/02/2018,23200.0,23350.0,22800.0,23350.0
180,180640:KS,31/01/2018,22400.0,23400.0,22400.0,23200.0
181,180640:KS,30/01/2018,22650.0,22950.0,22200.0,22650.0
182,180640:KS,29/01/2018,23350.0,23500.0,22850.0,22850.0
183,180640:KS,26/01/2018,22000.0,23100.0,21900.0,22800.0
184,180640:KS,25/01/2018,21750.0,22450.0,21350.0,22100.0
185,180640:KS,24/01/2018,20550.0,21700.0,20350.0,21550.0
186,180640:KS,23/01/2018,20500.0,20700.0,20350.0,20400.0
187,180640:KS,22/01/2018,20700.0,20800.0,20300.0,20450.0
188,180640:KS,19/01/2018,20700.0,20900.0,20400.0,20700.0
189,180640:KS,18/01/2018,21150.0,21200.0,20200.0,20700.0
190,180640:KS,17/01/2018,20700.0,21250.0,20600.0,21100.0
191,180640:KS,16/01/2018,21000.0,21100.0,20550.0,20850.0
192,180640:KS,15/01/2018,20400.0,21000.0,20300.0,20850.0
193,180640:KS,12/01/2018,20050.0,20300.0,19950.0,20150.0
194,180640:KS,11/01/2018,19450.0,20100.0,19450.0,19950.0
195,180640:KS,10/01/2018,19400.0,19450.0,19000.0,19200.0
196,180640:KS,09/01/2018,19550.0,19600.0,19000.0,19400.0
197,180640:KS,08/01/2018,19250.0,19750.0,19050.0,19600.0
198,180640:KS,05/01/2018,19000.0,19150.0,18800.0,19050.0
199,180640:KS,28/12/2017,18150.0,18350.0,17900.0,18300.0
200,180640:KS,27/12/2017,17700.0,18200.0,17700.0,18150.0
201,180640:KS,26/12/2017,18000.0,18200.0,17650.0,17800.0
202,180640:KS,22/12/2017,18150.0,18250.0,17700.0,18000.0
203,180640:KS,21/12/2017,18250.0,18400.0,17950.0,18150.0
204,180640:KS,20/12/2017,18500.0,18600.0,18250.0,18250.0
205,180640:KS,19/12/2017,18750.0,18750.0,18350.0,18450.0
206,180640:KS,18/12/2017,18800.0,18800.0,18400.0,18700.0
207,180640:KS,15/12/2017,18700.0,18800.0,18400.0,18800.0
208,180640:KS,14/12/2017,18350.0,19050.0,18200.0,18650.0
209,180640:KS,13/12/2017,17650.0,18600.0,17600.0,18450.0
210,180640:KS,12/12/2017,17500.0,17750.0,17450.0,17550.0
211,180640:KS,11/12/2017,17800.0,17950.0,17200.0,17500.0
212,180640:KS,08/12/2017,18450.0,18850.0,17750.0,18050.0
213,180640:KS,07/12/2017,19500.0,19550.0,18700.0,18900.0
214,180640:KS,06/12/2017,19500.0,19900.0,19200.0,19300.0
215,180640:KS,05/12/2017,19300.0,19500.0,19100.0,19450.0
216,180640:KS,04/12/2017,19100.0,19450.0,18750.0,19300.0
217,180640:KS,01/12/2017,19400.0,19450.0,18600.0,19100.0
218,180640:KS,30/11/2017,19600.0,19750.0,19250.0,19400.0
219,180640:KS,29/11/2017,19950.0,20000.0,19300.0,19450.0
220,180640:KS,28/11/2017,20400.0,20650.0,19900.0,20000.0
221,180640:KS,27/11/2017,20100.0,20300.0,19700.0,20000.0
222,180640:KS,24/11/2017,19650.0,20200.0,19600.0,20000.0
223,180640:KS,23/11/2017,20250.0,20250.0,19600.0,19650.0
224,180640:KS,22/11/2017,19950.0,20200.0,19800.0,20050.0
225,180640:KS,21/11/2017,19600.0,20100.0,19400.0,19650.0
226,180640:KS,20/11/2017,19950.0,20100.0,19450.0,19550.0
227,180640:KS,17/11/2017,18950.0,19900.0,18950.0,19600.0
228,180640:KS,16/11/2017,18450.0,18900.0,18350.0,18700.0
229,180640:KS,15/11/2017,19350.0,19350.0,18050.0,18200.0
230,180640:KS,14/11/2017,19200.0,19300.0,18300.0,19250.0
231,180640:KS,13/11/2017,19000.0,19350.0,18850.0,19100.0
232,180640:KS,10/11/2017,19650.0,19700.0,18800.0,19050.0
233,180640:KS,09/11/2017,20100.0,20100.0,19700.0,19850.0
234,180640:KS,08/11/2017,20100.0,20300.0,19900.0,20100.0
235,180640:KS,07/11/2017,20100.0,20350.0,19800.0,20050.0
236,180640:KS,06/11/2017,20000.0,20550.0,20000.0,20500.0
237,180640:KS,03/11/2017,20100.0,20800.0,19600.0,19950.0
238,180640:KS,02/11/2017,21400.0,21400.0,20050.0,20150.0
239,180640:KS,01/11/2017,22050.0,22100.0,21300.0,21400.0
240,180640:KS,31/10/2017,22350.0,22400.0,21250.0,21600.0
241,180640:KS,30/10/2017,21700.0,22200.0,21400.0,21600.0
242,180640:KS,27/10/2017,22150.0,22750.0,21300.0,21450.0
243,180640:KS,26/10/2017,21000.0,22100.0,20650.0,22100.0
244,180640:KS,25/10/2017,20300.0,21050.0,20050.0,20900.0
245,180640:KS,24/10/2017,20400.0,20550.0,20050.0,20200.0
246,180640:KS,23/10/2017,20950.0,21000.0,20050.0,20500.0
247,180640:KS,20/10/2017,20950.0,21300.0,20800.0,21100.0
248,180640:KS,19/10/2017,20100.0,21300.0,19750.0,21200.0
249,180640:KS,18/10/2017,19300.0,20450.0,19100.0,20100.0
250,180640:KS,17/10/2017,19350.0,19450.0,18950.0,19050.0
251,180640:KS,16/10/2017,19500.0,19800.0,19100.0,19600.0
252,180640:KS,13/10/2017,19600.0,19900.0,19000.0,19300.0
253,180640:KS,12/10/2017,19800.0,20100.0,19300.0,19600.0
254,180640:KS,11/10/2017,20450.0,20450.0,19550.0,19800.0
255,180640:KS,10/10/2017,21200.0,21250.0,20150.0,20450.0
256,180640:KS,29/09/2017,20500.0,21050.0,20250.0,21050.0
257,180640:KS,28/09/2017,20250.0,20450.0,19900.0,20400.0
258,180640:KS,27/09/2017,20100.0,20400.0,19900.0,20300.0
259,180640:KS,26/09/2017,20100.0,20600.0,19650.0,19950.0
260,180640:KS,25/09/2017,21300.0,21550.0,20700.0,20750.0
261,180640:KS,22/09/2017,21500.0,21500.0,20700.0,21200.0
262,180640:KS,21/09/2017,22450.0,22500.0,21550.0,21650.0
263,180640:KS,20/09/2017,22850.0,22950.0,22250.0,22650.0
264,180640:KS,19/09/2017,22050.0,22950.0,21700.0,22800.0
265,180640:KS,18/09/2017,21850.0,22300.0,21800.0,22000.0
266,180640:KS,15/09/2017,21800.0,22050.0,21300.0,22050.0
267,180640:KS,14/09/2017,22250.0,22250.0,21800.0,21950.0
268,180640:KS,13/09/2017,22500.0,22600.0,21900.0,22250.0
269,180640:KS,12/09/2017,22550.0,22800.0,22100.0,22600.0
270,180640:KS,11/09/2017,21100.0,22550.0,21000.0,22500.0
271,180640:KS,08/09/2017,21650.0,21650.0,20800.0,21000.0
272,180640:KS,07/09/2017,21850.0,22050.0,21400.0,21600.0
273,180640:KS,06/09/2017,22200.0,22250.0,21550.0,21700.0
274,180640:KS,05/09/2017,21900.0,22350.0,21500.0,22250.0
275,180640:KS,04/09/2017,21700.0,22100.0,21550.0,21900.0
276,180640:KS,01/09/2017,22950.0,23100.0,22550.0,22600.0
277,180640:KS,31/08/2017,23200.0,23300.0,22800.0,22950.0
278,180640:KS,30/08/2017,22800.0,23300.0,22750.0,23200.0
279,180640:KS,29/08/2017,22900.0,22900.0,22300.0,22700.0
280,180640:KS,28/08/2017,23500.0,23550.0,22550.0,22950.0
281,180640:KS,25/08/2017,23350.0,23500.0,23000.0,23150.0
282,180640:KS,24/08/2017,23300.0,23650.0,23150.0,23300.0
283,180640:KS,23/08/2017,23200.0,23300.0,22950.0,23150.0
284,180640:KS,22/08/2017,23450.0,23750.0,22850.0,23000.0
285,180640:KS,21/08/2017,23350.0,23550.0,22500.0,23200.0
286,180640:KS,18/08/2017,24100.0,24350.0,23500.0,23600.0
287,180640:KS,17/08/2017,24800.0,24800.0,24350.0,24450.0
288,180640:KS,16/08/2017,24650.0,24800.0,24250.0,24400.0
289,180640:KS,14/08/2017,25400.0,25600.0,24050.0,24400.0
290,180640:KS,11/08/2017,24900.0,25350.0,24650.0,25000.0
291,180640:KS,10/08/2017,25800.0,26150.0,24800.0,25600.0
292,180640:KS,09/08/2017,25950.0,26250.0,25600.0,25900.0
293,180640:KS,08/08/2017,24600.0,26300.0,24600.0,26150.0
294,180640:KS,07/08/2017,24600.0,24850.0,24350.0,24600.0
295,180640:KS,04/08/2017,23800.0,24850.0,23800.0,24600.0
296,180640:KS,03/08/2017,25050.0,25150.0,23650.0,23750.0
297,180640:KS,02/08/2017,23850.0,24950.0,23800.0,24950.0
298,180640:KS,01/08/2017,23600.0,24100.0,23450.0,23600.0
299,180640:KS,31/07/2017,23650.0,23850.0,23000.0,23550.0
300,180640:KS,28/07/2017,24200.0,24200.0,23550.0,23900.0
301,180640:KS,27/07/2017,23500.0,24300.0,23200.0,24250.0
302,180640:KS,26/07/2017,24500.0,24700.0,23050.0,23400.0
303,180640:KS,25/07/2017,25100.0,25450.0,24300.0,24400.0
304,180640:KS,24/07/2017,25050.0,25350.0,25000.0,25250.0
305,180640:KS,21/07/2017,25450.0,25450.0,24850.0,24850.0
306,180640:KS,20/07/2017,25450.0,25600.0,25200.0,25450.0
307,180640:KS,19/07/2017,25550.0,25550.0,25050.0,25200.0
308,180640:KS,18/07/2017,24750.0,25500.0,24600.0,25400.0
309,180640:KS,17/07/2017,23800.0,24550.0,23750.0,24450.0
310,180640:KS,14/07/2017,24900.0,24900.0,23300.0,23650.0
311,180640:KS,13/07/2017,24600.0,25000.0,24250.0,24750.0
312,180640:KS,12/07/2017,24550.0,24700.0,24300.0,24450.0
313,180640:KS,11/07/2017,24550.0,24650.0,23850.0,24350.0
314,180640:KS,10/07/2017,24800.0,25200.0,24250.0,24350.0
315,180640:KS,07/07/2017,24800.0,25300.0,23100.0,24500.0
316,180640:KS,06/07/2017,25850.0,25900.0,25000.0,25050.0
317,180640:KS,05/07/2017,25000.0,25700.0,24600.0,25600.0
318,180640:KS,04/07/2017,25350.0,26050.0,24200.0,25000.0
319,180640:KS,03/07/2017,26500.0,26600.0,24700.0,25300.0
320,180640:KS,30/06/2017,26500.0,26600.0,26100.0,26500.0
321,180640:KS,29/06/2017,26850.0,27050.0,26550.0,26750.0
322,180640:KS,28/06/2017,26800.0,27100.0,26600.0,26700.0
323,180640:KS,27/06/2017,26200.0,27100.0,26200.0,27100.0
324,180640:KS,26/06/2017,27050.0,27100.0,26100.0,26150.0
325,180640:KS,23/06/2017,26600.0,27150.0,26450.0,26800.0
326,180640:KS,22/06/2017,26200.0,27000.0,25900.0,26450.0
327,180640:KS,21/06/2017,26250.0,26400.0,25350.0,25700.0
328,180640:KS,20/06/2017,26900.0,25900.0,26250.0,42906.0
329,180640:KS,19/06/2017,25750.0,26900.0,25650.0,26750.0
330,180640:KS,16/06/2017,26100.0,26200.0,25700.0,25750.0
331,180640:KS,15/06/2017,25900.0,26200.0,25450.0,25950.0
332,180640:KS,14/06/2017,25700.0,26350.0,25600.0,25850.0
333,180640:KS,13/06/2017,25200.0,26600.0,25150.0,25800.0
334,180640:KS,12/06/2017,25350.0,25600.0,25050.0,25300.0
335,180640:KS,09/06/2017,25550.0,26150.0,25550.0,25700.0
336,180640:KS,08/06/2017,25500.0,25950.0,25200.0,25850.0
337,180640:KS,07/06/2017,24800.0,25450.0,24550.0,25200.0
338,180640:KS,05/06/2017,24900.0,25100.0,24450.0,24650.0
339,180640:KS,02/06/2017,23200.0,24800.0,23200.0,24600.0
340,180640:KS,01/06/2017,23150.0,23300.0,22850.0,23250.0
341,180640:KS,31/05/2017,23600.0,23700.0,23000.0,23350.0
342,180640:KS,30/05/2017,23650.0,23950.0,23450.0,23700.0
343,180640:KS,29/05/2017,23450.0,23850.0,23150.0,23600.0
344,180640:KS,26/05/2017,23800.0,24000.0,23350.0,23450.0
345,180640:KS,25/05/2017,22550.0,23450.0,22500.0,23400.0
346,180640:KS,24/05/2017,21900.0,22700.0,21900.0,22450.0
347,180640:KS,23/05/2017,22000.0,22350.0,21700.0,22000.0
348,180640:KS,22/05/2017,21500.0,21900.0,20900.0,21800.0
349,180640:KS,19/05/2017,21850.0,22050.0,21500.0,21550.0
350,180640:KS,18/05/2017,21700.0,22000.0,21550.0,21850.0
351,180640:KS,17/05/2017,21850.0,22250.0,21500.0,22100.0
352,180640:KS,16/05/2017,22000.0,22050.0,21350.0,21800.0
353,180640:KS,15/05/2017,21700.0,22200.0,21450.0,21700.0
354,180640:KS,12/05/2017,21300.0,21800.0,21250.0,21750.0
355,180640:KS,11/05/2017,21250.0,21600.0,20950.0,21350.0
356,180640:KS,10/05/2017,21350.0,21550.0,21150.0,21300.0
357,180640:KS,08/05/2017,21600.0,21600.0,20950.0,21300.0
358,180640:KS,04/05/2017,20600.0,21750.0,20600.0,21400.0
359,180640:KS,02/05/2017,20250.0,20550.0,20050.0,20550.0
360,180640:KS,28/04/2017,20700.0,20700.0,20000.0,20250.0
361,180640:KS,27/04/2017,20600.0,20650.0,20250.0,20600.0
362,180640:KS,26/04/2017,20450.0,20600.0,20250.0,20550.0
363,180640:KS,25/04/2017,19650.0,20450.0,19550.0,20400.0
364,180640:KS,24/04/2017,19750.0,19850.0,19350.0,19500.0
365,180640:KS,21/04/2017,19600.0,19800.0,19500.0,19650.0
366,180640:KS,20/04/2017,19500.0,19700.0,19250.0,19700.0
367,180640:KS,19/04/2017,19700.0,19750.0,19350.0,19500.0
368,180640:KS,18/04/2017,19850.0,19900.0,19100.0,19800.0
369,180640:KS,17/04/2017,19700.0,19950.0,19650.0,19750.0
370,180640:KS,14/04/2017,19950.0,20050.0,19550.0,19750.0
371,180640:KS,13/04/2017,20200.0,20200.0,19800.0,20150.0
372,180640:KS,12/04/2017,19850.0,20150.0,19700.0,20100.0
373,180640:KS,11/04/2017,18950.0,19950.0,18950.0,19900.0
374,180640:KS,10/04/2017,19400.0,19550.0,18700.0,19150.0
375,180640:KS,07/04/2017,19700.0,19800.0,19400.0,19450.0
376,180640:KS,06/04/2017,19250.0,19950.0,19200.0,19550.0
377,180640:KS,05/04/2017,19800.0,19800.0,19250.0,19400.0
378,180640:KS,04/04/2017,19250.0,19950.0,19150.0,19800.0
379,180640:KS,03/04/2017,19600.0,19750.0,19200.0,19200.0
380,180640:KS,31/03/2017,18650.0,19750.0,18650.0,19600.0
381,180640:KS,30/03/2017,18950.0,18950.0,18500.0,18750.0
382,180640:KS,29/03/2017,19150.0,19250.0,18750.0,18900.0
383,180640:KS,28/03/2017,19250.0,19500.0,18900.0,19250.0
384,180640:KS,27/03/2017,19000.0,19450.0,18700.0,19200.0
385,180640:KS,24/03/2017,19150.0,19400.0,19000.0,19150.0
386,180640:KS,23/03/2017,18750.0,19300.0,18550.0,19150.0
387,180640:KS,22/03/2017,18500.0,18850.0,18250.0,18600.0
388,180640:KS,21/03/2017,18000.0,18650.0,18000.0,18550.0
389,180640:KS,20/03/2017,17800.0,18150.0,17550.0,17800.0
390,180640:KS,17/03/2017,17000.0,17950.0,16950.0,17800.0
391,180640:KS,16/03/2017,17150.0,17350.0,16650.0,16750.0
392,180640:KS,15/03/2017,16850.0,17150.0,16600.0,17000.0
393,180640:KS,14/03/2017,16600.0,17000.0,16550.0,16900.0
394,180640:KS,13/03/2017,16550.0,16900.0,16500.0,16550.0
395,180640:KS,10/03/2017,16150.0,16600.0,15900.0,16550.0
396,180640:KS,09/03/2017,15800.0,16200.0,15750.0,16100.0
397,180640:KS,08/03/2017,15700.0,15850.0,15400.0,15850.0
398,180640:KS,07/03/2017,15750.0,15800.0,15550.0,15750.0
399,180640:KS,06/03/2017,15500.0,15800.0,15300.0,15750.0
400,180640:KS,03/03/2017,16300.0,16350.0,15700.0,15750.0
401,180640:KS,02/03/2017,16850.0,16900.0,16450.0,16550.0
402,180640:KS,28/02/2017,16650.0,16950.0,16400.0,16900.0
403,180640:KS,27/02/2017,16600.0,16700.0,16400.0,16650.0
404,180640:KS,24/02/2017,16950.0,16950.0,16500.0,16650.0
405,180640:KS,23/02/2017,16700.0,17050.0,16550.0,16900.0
406,180640:KS,22/02/2017,16550.0,16700.0,16400.0,16700.0
407,180640:KS,21/02/2017,16000.0,16500.0,15900.0,16500.0
408,180640:KS,20/02/2017,15900.0,16050.0,15700.0,15950.0
409,180640:KS,17/02/2017,16000.0,16100.0,15800.0,15900.0
410,180640:KS,16/02/2017,16200.0,16400.0,15850.0,15950.0
411,180640:KS,15/02/2017,15800.0,16250.0,15650.0,16200.0
412,180640:KS,14/02/2017,16000.0,16000.0,15700.0,15700.0
413,180640:KS,13/02/2017,16100.0,16100.0,15850.0,15950.0
414,180640:KS,10/02/2017,15950.0,16050.0,15750.0,16050.0
415,180640:KS,09/02/2017,15750.0,16100.0,15650.0,16000.0
416,180640:KS,08/02/2017,15800.0,15800.0,15500.0,15700.0
417,180640:KS,07/02/2017,15750.0,15950.0,15700.0,15850.0
418,180640:KS,06/02/2017,15600.0,15900.0,15300.0,15900.0
419,180640:KS,03/02/2017,15450.0,16000.0,15250.0,15450.0
420,180640:KS,02/02/2017,15300.0,15550.0,15200.0,15300.0
421,180640:KS,01/02/2017,15300.0,15500.0,15150.0,15450.0
422,180640:KS,31/01/2017,15100.0,15400.0,14950.0,15250.0
423,180640:KS,26/01/2017,14800.0,15200.0,14700.0,15100.0
424,180640:KS,25/01/2017,15400.0,15450.0,14800.0,14800.0
425,180640:KS,24/01/2017,15600.0,15700.0,15300.0,15450.0
426,180640:KS,23/01/2017,15550.0,15700.0,15300.0,15700.0
427,180640:KS,20/01/2017,15400.0,15800.0,15250.0,15700.0
428,180640:KS,19/01/2017,15700.0,15800.0,15400.0,15450.0
429,180640:KS,18/01/2017,15800.0,15850.0,15550.0,15700.0
430,180640:KS,17/01/2017,15700.0,15750.0,15350.0,15700.0
431,180640:KS,16/01/2017,15750.0,15850.0,15300.0,15600.0
432,180640:KS,13/01/2017,15850.0,15900.0,15600.0,15700.0
433,180640:KS,12/01/2017,15350.0,16000.0,15250.0,15850.0
434,180640:KS,11/01/2017,15400.0,15550.0,15200.0,15350.0
435,180640:KS,10/01/2017,15400.0,15450.0,15200.0,15300.0
436,180640:KS,09/01/2017,15500.0,15550.0,15250.0,15300.0
437,180640:KS,06/01/2017,15100.0,15850.0,14800.0,15500.0
438,180640:KS,05/01/2017,14900.0,15450.0,14850.0,15200.0
439,180640:KS,04/01/2017,14750.0,15000.0,14650.0,14750.0
440,180640:KS,03/01/2017,14700.0,14800.0,14350.0,14550.0
441,180640:KS,02/01/2017,15200.0,15250.0,14550.0,14700.0
442,180640:KS,29/12/2016,15650.0,15700.0,15000.0,15350.0
443,180640:KS,28/12/2016,15350.0,15800.0,15300.0,15650.0
444,180640:KS,27/12/2016,15250.0,15450.0,15150.0,15300.0
445,180640:KS,26/12/2016,15150.0,15400.0,14950.0,15250.0
446,180640:KS,23/12/2016,15600.0,15650.0,15200.0,15250.0
447,180640:KS,22/12/2016,15700.0,15950.0,15550.0,15700.0
448,180640:KS,21/12/2016,15950.0,16050.0,15750.0,15800.0
449,180640:KS,20/12/2016,16050.0,16200.0,15850.0,16000.0
450,180640:KS,19/12/2016,15950.0,16150.0,15950.0,16100.0
451,180640:KS,16/12/2016,16300.0,16400.0,15950.0,15950.0
452,180640:KS,15/12/2016,16450.0,16600.0,16200.0,16400.0
453,180640:KS,14/12/2016,16250.0,16650.0,16250.0,16550.0
454,180640:KS,13/12/2016,16450.0,16500.0,16050.0,16350.0
455,180640:KS,12/12/2016,16700.0,16700.0,16300.0,16400.0
456,180640:KS,09/12/2016,16600.0,16750.0,16350.0,16650.0
457,180640:KS,08/12/2016,16250.0,16850.0,16050.0,16800.0
458,180640:KS,07/12/2016,16700.0,16750.0,16000.0,16200.0
459,180640:KS,06/12/2016,16500.0,16700.0,16400.0,16700.0
460,180640:KS,05/12/2016,17100.0,17100.0,16350.0,16350.0
461,180640:KS,02/12/2016,16900.0,17100.0,16800.0,17100.0
462,180640:KS,01/12/2016,17500.0,17500.0,16750.0,16850.0
463,180640:KS,30/11/2016,17400.0,18000.0,17400.0,17800.0
464,180640:KS,29/11/2016,17400.0,17750.0,17350.0,17400.0
465,180640:KS,28/11/2016,17600.0,17650.0,17350.0,17400.0
466,180640:KS,25/11/2016,18000.0,18000.0,17550.0,17600.0
467,180640:KS,24/11/2016,18150.0,18250.0,17450.0,17900.0
468,180640:KS,23/11/2016,17700.0,18350.0,17600.0,18050.0
469,180640:KS,22/11/2016,18050.0,18200.0,17450.0,17800.0
470,180640:KS,21/11/2016,18200.0,18550.0,17950.0,18200.0
471,180640:KS,18/11/2016,18350.0,18450.0,17900.0,18200.0
472,180640:KS,17/11/2016,17800.0,18300.0,17550.0,18300.0
473,180640:KS,16/11/2016,17350.0,18150.0,17250.0,17800.0
474,180640:KS,15/11/2016,16600.0,17450.0,16500.0,17400.0
475,180640:KS,14/11/2016,16000.0,16200.0,15700.0,16100.0
476,180640:KS,11/11/2016,16850.0,16850.0,15800.0,15850.0
477,180640:KS,10/11/2016,17350.0,17450.0,16700.0,16800.0
478,180640:KS,09/11/2016,17200.0,17650.0,16300.0,17100.0
479,180640:KS,08/11/2016,16750.0,17350.0,16550.0,17300.0
480,180640:KS,07/11/2016,16800.0,16850.0,16400.0,16650.0
481,180640:KS,04/11/2016,16750.0,16850.0,16450.0,16750.0
482,180640:KS,03/11/2016,16700.0,16950.0,16600.0,16700.0
483,180640:KS,02/11/2016,17300.0,17450.0,16750.0,16750.0
484,180640:KS,01/11/2016,16950.0,17350.0,16650.0,17350.0
485,180640:KS,31/10/2016,17050.0,17100.0,16500.0,16900.0
486,180640:KS,28/10/2016,17000.0,17150.0,16750.0,17000.0
487,180640:KS,27/10/2016,16450.0,17100.0,16450.0,16900.0
488,180640:KS,26/10/2016,16850.0,16900.0,16150.0,16500.0
489,180640:KS,25/10/2016,16850.0,16950.0,16600.0,16700.0
490,180640:KS,24/10/2016,16500.0,16950.0,16450.0,16900.0
491,180640:KS,21/10/2016,16650.0,16800.0,16350.0,16400.0
492,180640:KS,20/10/2016,16700.0,16850.0,16500.0,16600.0
493,180640:KS,19/10/2016,16750.0,16900.0,16400.0,16500.0
494,180640:KS,18/10/2016,17100.0,17200.0,16550.0,16800.0
495,180640:KS,17/10/2016,17350.0,17400.0,17050.0,17100.0
496,180640:KS,14/10/2016,17250.0,17400.0,17050.0,17150.0
497,180640:KS,13/10/2016,17400.0,17500.0,17200.0,17250.0
498,180640:KS,12/10/2016,17100.0,17500.0,17000.0,17500.0
499,180640:KS,11/10/2016,17700.0,17900.0,17100.0,17200.0
500,180640:KS,10/10/2016,17700.0,17900.0,17350.0,17600.0
501,180640:KS,07/10/2016,17500.0,17950.0,17400.0,17650.0
502,180640:KS,06/10/2016,18250.0,18250.0,17350.0,17500.0
503,180640:KS,05/10/2016,17850.0,18150.0,17750.0,18050.0
504,180640:KS,04/10/2016,18600.0,18600.0,17850.0,18050.0
505,180640:KS,03/10/2016,18700.0,18700.0,18700.0,18700.0
506,180640:KS,30/09/2016,19100.0,19250.0,18550.0,18700.0
507,180640:KS,29/09/2016,19500.0,19600.0,19050.0,19450.0
508,180640:KS,28/09/2016,19250.0,19600.0,19050.0,19600.0
509,180640:KS,27/09/2016,19000.0,19700.0,19000.0,19600.0
510,180640:KS,26/09/2016,19000.0,19200.0,18500.0,19100.0
511,180640:KS,23/09/2016,19200.0,19200.0,18800.0,19050.0
512,180640:KS,22/09/2016,18200.0,19500.0,18150.0,19100.0
513,180640:KS,21/09/2016,17600.0,18450.0,17600.0,18100.0
514,180640:KS,20/09/2016,17700.0,18100.0,17650.0,17800.0
515,180640:KS,19/09/2016,17550.0,17900.0,17300.0,17900.0
516,180640:KS,16/09/2016,17800.0,17800.0,17800.0,17800.0
517,180640:KS,15/09/2016,17800.0,17800.0,17800.0,17800.0
518,180640:KS,14/09/2016,17800.0,17800.0,17800.0,17800.0
519,180640:KS,13/09/2016,18100.0,18150.0,17150.0,17800.0
520,180640:KS,12/09/2016,18250.0,18300.0,17650.0,17900.0
521,180640:KS,09/09/2016,18900.0,18900.0,17700.0,18400.0
522,180640:KS,08/09/2016,19700.0,19950.0,18700.0,19200.0
523,180640:KS,07/09/2016,19900.0,19900.0,19150.0,19200.0
524,180640:KS,06/09/2016,19000.0,20100.0,18600.0,19650.0
525,180640:KS,05/09/2016,20000.0,20100.0,19450.0,20050.0
526,180640:KS,02/09/2016,20200.0,20850.0,19650.0,20600.0
527,180640:KS,01/09/2016,19200.0,20250.0,19000.0,20000.0
528,180640:KS,31/08/2016,19800.0,20350.0,18700.0,19000.0
529,180640:KS,30/08/2016,17800.0,19850.0,17150.0,19000.0
530,180640:KS,29/08/2016,17850.0,18250.0,17450.0,17950.0
531,180640:KS,26/08/2016,18000.0,18450.0,17550.0,17900.0
532,180640:KS,25/08/2016,17500.0,17700.0,17150.0,17300.0
533,180640:KS,24/08/2016,17100.0,17700.0,16950.0,17650.0
534,180640:KS,23/08/2016,18500.0,18500.0,16750.0,16900.0
535,180640:KS,22/08/2016,18150.0,18850.0,18100.0,18500.0
536,180640:KS,19/08/2016,18350.0,18700.0,17850.0,18300.0
537,180640:KS,18/08/2016,18200.0,18950.0,18150.0,18350.0
538,180640:KS,17/08/2016,19650.0,19750.0,18050.0,18150.0
539,180640:KS,16/08/2016,20350.0,20500.0,19700.0,20050.0
540,180640:KS,15/08/2016,20150.0,20150.0,20150.0,20150.0
541,180640:KS,12/08/2016,19300.0,20400.0,19300.0,20150.0
542,180640:KS,11/08/2016,18100.0,19500.0,18100.0,19250.0
543,180640:KS,10/08/2016,17600.0,18350.0,17600.0,18100.0
544,180640:KS,09/08/2016,17350.0,17750.0,17200.0,17750.0
545,180640:KS,08/08/2016,17350.0,17450.0,17000.0,17450.0
546,180640:KS,05/08/2016,17200.0,17500.0,17050.0,17250.0
547,180640:KS,04/08/2016,17900.0,17900.0,17200.0,17250.0
548,180640:KS,03/08/2016,18250.0,18600.0,17700.0,18000.0
549,180640:KS,02/08/2016,18050.0,18850.0,17950.0,18550.0
550,180640:KS,01/08/2016,17700.0,18400.0,17650.0,18250.0
551,180640:KS,29/07/2016,17400.0,17700.0,17150.0,17650.0
552,180640:KS,28/07/2016,17100.0,17400.0,16850.0,17400.0
553,180640:KS,27/07/2016,16900.0,17200.0,16750.0,17050.0
554,180640:KS,26/07/2016,16650.0,16850.0,16400.0,16850.0
555,180640:KS,25/07/2016,16550.0,17150.0,16450.0,16850.0
556,180640:KS,22/07/2016,16750.0,16900.0,16350.0,16600.0
557,180640:KS,21/07/2016,17000.0,17150.0,16450.0,16800.0
558,180640:KS,20/07/2016,17050.0,17100.0,16450.0,16700.0
559,180640:KS,19/07/2016,17300.0,17550.0,16800.0,17050.0
560,180640:KS,18/07/2016,17350.0,17650.0,17000.0,17300.0
561,180640:KS,15/07/2016,16050.0,17650.0,15750.0,17300.0
562,180640:KS,14/07/2016,16050.0,16050.0,15250.0,15650.0
563,180640:KS,13/07/2016,15800.0,16550.0,15800.0,16050.0
564,180640:KS,12/07/2016,15850.0,16000.0,15550.0,15700.0
565,180640:KS,11/07/2016,15750.0,15900.0,15650.0,15850.0
566,180640:KS,08/07/2016,15950.0,16200.0,15550.0,15700.0
567,180640:KS,07/07/2016,15850.0,16000.0,15700.0,15900.0
568,180640:KS,06/07/2016,16350.0,16350.0,15700.0,15800.0
569,180640:KS,05/07/2016,16200.0,16450.0,16050.0,16350.0
570,180640:KS,04/07/2016,16550.0,16550.0,16050.0,16300.0
571,180640:KS,01/07/2016,16300.0,16650.0,16250.0,16400.0
572,180640:KS,30/06/2016,16150.0,16600.0,15650.0,16500.0
573,180640:KS,29/06/2016,15550.0,16200.0,15550.0,16100.0
574,180640:KS,28/06/2016,15000.0,15650.0,14700.0,15500.0
575,180640:KS,27/06/2016,15450.0,15600.0,14900.0,15100.0
576,180640:KS,24/06/2016,16650.0,16700.0,15250.0,15800.0
577,180640:KS,23/06/2016,16800.0,16850.0,16450.0,16550.0
578,180640:KS,22/06/2016,16700.0,17050.0,16500.0,17000.0
579,180640:KS,21/06/2016,16800.0,16800.0,16300.0,16800.0
580,180640:KS,20/06/2016,15950.0,16850.0,15900.0,16750.0
581,180640:KS,17/06/2016,15800.0,15950.0,15500.0,15900.0
582,180640:KS,16/06/2016,16000.0,16050.0,15500.0,15700.0
583,180640:KS,15/06/2016,15850.0,16200.0,15850.0,16050.0
584,180640:KS,14/06/2016,15800.0,16100.0,15700.0,15900.0
585,180640:KS,13/06/2016,16800.0,16800.0,15800.0,15900.0
586,180640:KS,10/06/2016,16450.0,17100.0,16250.0,17050.0
587,180640:KS,09/06/2016,16800.0,17200.0,16100.0,16450.0
588,180640:KS,08/06/2016,16550.0,16850.0,16150.0,16800.0
589,180640:KS,07/06/2016,17200.0,17300.0,16450.0,16550.0
590,180640:KS,06/06/2016,17150.0,17150.0,17150.0,17150.0
591,180640:KS,03/06/2016,18000.0,18050.0,16700.0,17150.0
592,180640:KS,02/06/2016,17900.0,17950.0,17500.0,17750.0
593,180640:KS,01/06/2016,17850.0,18050.0,17650.0,17800.0
594,180640:KS,31/05/2016,17400.0,18200.0,17350.0,17850.0
595,180640:KS,30/05/2016,17750.0,17750.0,17350.0,17400.0
596,180640:KS,27/05/2016,17600.0,18050.0,17550.0,17700.0
597,180640:KS,26/05/2016,17900.0,18000.0,17400.0,17500.0
598,180640:KS,25/05/2016,17300.0,18450.0,17050.0,18200.0
599,180640:KS,24/05/2016,17600.0,17650.0,17050.0,17200.0
600,180640:KS,23/05/2016,17900.0,18100.0,17600.0,17700.0
601,180640:KS,20/05/2016,17750.0,17950.0,17350.0,17750.0
602,180640:KS,19/05/2016,18150.0,18550.0,17650.0,17900.0
603,180640:KS,18/05/2016,18300.0,18750.0,18050.0,18150.0
604,180640:KS,17/05/2016,19200.0,19200.0,18100.0,18450.0
605,180640:KS,16/05/2016,19100.0,19200.0,18750.0,19000.0
606,180640:KS,13/05/2016,18450.0,19000.0,18250.0,19000.0
607,180640:KS,12/05/2016,18400.0,18550.0,18100.0,18550.0
608,180640:KS,11/05/2016,18850.0,18850.0,18200.0,18350.0
609,180640:KS,10/05/2016,17900.0,18750.0,17750.0,18650.0
610,180640:KS,09/05/2016,18350.0,18850.0,17850.0,18100.0
611,180640:KS,06/05/2016,18600.0,18600.0,18600.0,18600.0
612,180640:KS,05/05/2016,18600.0,18600.0,18600.0,18600.0
613,180640:KS,04/05/2016,18900.0,19050.0,18400.0,18600.0
614,180640:KS,03/05/2016,19050.0,19150.0,18800.0,18950.0
615,180640:KS,02/05/2016,19650.0,19650.0,18850.0,19050.0
616,180640:KS,29/04/2016,19600.0,19850.0,19150.0,19750.0
617,180640:KS,28/04/2016,19900.0,20200.0,19900.0,19950.0
618,180640:KS,27/04/2016,20150.0,20350.0,19300.0,19900.0
619,180640:KS,26/04/2016,19720.88,20059.23,18947.52,19914.22
620,180640:KS,25/04/2016,19237.53,20929.27,18947.52,19914.22
621,180640:KS,22/04/2016,19140.86,19140.86,18174.14,18367.48
622,180640:KS,21/04/2016,18947.52,19189.19,18705.84,19189.19
623,180640:KS,20/04/2016,18995.85,19189.19,18657.5,18754.17
624,180640:KS,19/04/2016,19140.86,19334.2,18754.17,18947.52
625,180640:KS,18/04/2016,19575.88,19575.88,18657.5,18995.85
626,180640:KS,15/04/2016,20107.57,20107.57,19527.54,19624.21
627,180640:KS,14/04/2016,19334.2,20397.58,18947.52,20252.57
628,180640:KS,13/04/2016,19430.87,19430.87,19430.87,19430.87
629,180640:KS,12/04/2016,19527.54,19672.55,18850.84,19430.87
630,180640:KS,11/04/2016,19865.89,20155.9,19189.19,19672.55
631,180640:KS,08/04/2016,19817.55,20107.57,19334.2,19865.89
632,180640:KS,07/04/2016,19382.53,20107.57,19382.53,20010.89
633,180640:KS,06/04/2016,18464.16,19865.89,18464.16,19720.88
634,180640:KS,05/04/2016,18802.51,19092.52,17884.13,18609.17
635,180640:KS,04/04/2016,20687.59,20784.26,19962.56,20155.9
636,180640:KS,01/04/2016,21557.63,21605.96,20252.57,20590.92
637,180640:KS,31/03/2016,21750.97,22379.34,21412.62,21654.3
638,180640:KS,30/03/2016,21074.27,22234.33,20590.92,21750.97
639,180640:KS,29/03/2016,19817.55,21170.95,19527.54,20977.61
640,180640:KS,28/03/2016,19962.56,19962.56,19479.2,19769.21
641,180640:KS,25/03/2016,20252.57,20300.91,19672.55,19769.21
642,180640:KS,24/03/2016,20929.27,20929.27,20252.57,20397.58
643,180640:KS,23/03/2016,20784.26,21122.61,20252.57,20880.93
644,180640:KS,22/03/2016,20784.26,21267.62,20155.9,21074.27
645,180640:KS,21/03/2016,20687.59,21025.94,20445.91,20687.59
646,180640:KS,18/03/2016,20300.91,20590.92,20059.23,20494.25
647,180640:KS,17/03/2016,19430.87,20735.93,19382.53,20252.57
648,180640:KS,16/03/2016,19092.52,19430.87,18995.85,19285.86
649,180640:KS,15/03/2016,19237.53,19527.54,18609.17,18754.17
650,180640:KS,14/03/2016,19140.86,19479.2,18850.84,19334.2
651,180640:KS,11/03/2016,18270.82,19334.2,18270.82,19237.53
652,180640:KS,10/03/2016,18464.16,18850.84,18174.14,18512.49
653,180640:KS,09/03/2016,18174.14,18464.16,17884.13,18367.48
654,180640:KS,08/03/2016,17497.45,18174.14,17014.09,18174.14
655,180640:KS,07/03/2016,16965.76,17690.79,16820.75,17545.79
656,180640:KS,04/03/2016,15950.71,17255.77,15757.37,16869.09
657,180640:KS,03/03/2016,14452.31,15612.37,14307.3,15564.03
658,180640:KS,02/03/2016,14258.97,14355.64,14113.96,14355.64
659,180640:KS,01/03/2016,14210.64,14210.64,14210.64,14210.64
660,180640:KS,29/02/2016,14113.96,14210.64,13678.94,14210.64
661,180640:KS,26/02/2016,14258.97,14258.97,14017.29,14065.63
662,180640:KS,25/02/2016,14597.32,14790.66,14017.29,14113.96
663,180640:KS,24/02/2016,14162.3,14258.97,13920.63,14162.3
664,180640:KS,23/02/2016,14355.64,14597.32,14065.63,14210.64
665,180640:KS,22/02/2016,14452.31,14452.31,14452.31,14452.31
666,180640:KS,19/02/2016,13968.96,13968.96,13968.96,13968.96
667,180640:KS,18/02/2016,13823.95,14162.3,13678.94,13968.96
668,180640:KS,17/02/2016,13968.96,14065.63,13582.27,13678.94
669,180640:KS,16/02/2016,13872.29,14017.29,13533.94,13775.61
670,180640:KS,15/02/2016,13727.28,13872.29,13533.94,13872.29
671,180640:KS,12/02/2016,13775.61,14017.29,13292.26,13630.61
672,180640:KS,11/02/2016,14548.98,14645.65,13968.96,14113.96
673,180640:KS,05/02/2016,15350.0,15750.0,15350.0,15450.0
674,180640:KS,04/02/2016,15300.0,15450.0,15150.0,15200.0
675,180640:KS,03/02/2016,15150.0,15150.0,15150.0,15150.0
676,180640:KS,02/02/2016,15700.0,15750.0,15400.0,15450.0
677,180640:KS,01/02/2016,16100.0,16100.0,15750.0,15800.0
678,180640:KS,29/01/2016,15550.0,15700.0,15450.0,15600.0
679,180640:KS,28/01/2016,15000.0,15400.0,15000.0,15400.0
680,180640:KS,27/01/2016,15550.0,15850.0,15100.0,15150.0
681,180640:KS,26/01/2016,15750.0,15950.0,15200.0,15450.0
682,180640:KS,25/01/2016,16000.0,16050.0,15900.0,15900.0
683,180640:KS,22/01/2016,15950.0,16250.0,15600.0,15750.0
684,180640:KS,21/01/2016,15550.0,15850.0,15400.0,15700.0
685,180640:KS,20/01/2016,16300.0,16300.0,15500.0,15550.0
686,180640:KS,19/01/2016,16800.0,16800.0,16150.0,16200.0
687,180640:KS,18/01/2016,16800.0,16900.0,16750.0,16800.0
688,180640:KS,15/01/2016,16800.0,17100.0,16650.0,16750.0
689,180640:KS,14/01/2016,16600.0,16650.0,16150.0,16650.0
690,180640:KS,13/01/2016,16450.0,16600.0,16350.0,16450.0
691,180640:KS,12/01/2016,16950.0,17000.0,16150.0,16350.0
692,180640:KS,11/01/2016,16800.0,17200.0,16600.0,16600.0
693,180640:KS,08/01/2016,17000.0,17500.0,16950.0,17000.0
694,180640:KS,07/01/2016,17600.0,17750.0,17300.0,17450.0
695,180640:KS,06/01/2016,18300.0,18300.0,17200.0,17550.0
696,180640:KS,05/01/2016,18300.0,18500.0,18050.0,18100.0
697,180640:KS,04/01/2016,19300.0,19300.0,18350.0,18350.0
698,180640:KS,30/12/2015,19250.0,19500.0,19250.0,19500.0
699,180640:KS,29/12/2015,19800.0,19800.0,19200.0,19200.0
700,180640:KS,28/12/2015,19750.0,19850.0,19400.0,19600.0
701,180640:KS,24/12/2015,19800.0,19800.0,19550.0,19650.0
702,180640:KS,23/12/2015,19650.0,20200.0,19650.0,19650.0
703,180640:KS,22/12/2015,20350.0,20350.0,19800.0,20000.0
704,180640:KS,21/12/2015,20100.0,20500.0,20000.0,20300.0
705,180640:KS,18/12/2015,19400.0,20400.0,19400.0,20100.0
706,180640:KS,17/12/2015,19150.0,19450.0,19050.0,19200.0
707,180640:KS,16/12/2015,18750.0,18850.0,18650.0,18750.0
708,180640:KS,15/12/2015,18800.0,18800.0,18300.0,18400.0
709,180640:KS,14/12/2015,19000.0,19050.0,18650.0,18750.0
710,180640:KS,11/12/2015,19050.0,19300.0,18950.0,19150.0
711,180640:KS,10/12/2015,18700.0,19150.0,18650.0,18950.0
712,180640:KS,09/12/2015,19000.0,19050.0,18550.0,18650.0
713,180640:KS,08/12/2015,19250.0,19300.0,18900.0,19200.0
714,180640:KS,07/12/2015,19650.0,19650.0,19150.0,19200.0
715,180640:KS,04/12/2015,19550.0,19900.0,19500.0,19700.0
716,180640:KS,03/12/2015,19750.0,20350.0,19700.0,19700.0
717,180640:KS,02/12/2015,19600.0,19950.0,19350.0,19700.0
718,180640:KS,01/12/2015,19800.0,19950.0,19450.0,19450.0
719,180640:KS,30/11/2015,19450.0,19650.0,19050.0,19650.0
720,180640:KS,27/11/2015,19550.0,19650.0,19500.0,19550.0
721,180640:KS,26/11/2015,19350.0,19450.0,19250.0,19450.0
722,180640:KS,25/11/2015,19400.0,19450.0,19200.0,19250.0
723,180640:KS,24/11/2015,19800.0,19800.0,19250.0,19550.0
724,180640:KS,23/11/2015,19700.0,19950.0,19300.0,19900.0
725,180640:KS,20/11/2015,19900.0,20250.0,19850.0,19900.0
726,180640:KS,19/11/2015,20350.0,20350.0,19550.0,20000.0
727,180640:KS,18/11/2015,20250.0,20600.0,19850.0,20050.0
728,180640:KS,17/11/2015,19550.0,20450.0,19400.0,20250.0
729,180640:KS,16/11/2015,18900.0,19450.0,18900.0,19450.0
730,180640:KS,13/11/2015,19000.0,19750.0,19000.0,19500.0
731,180640:KS,12/11/2015,20300.0,20300.0,19150.0,19150.0
732,180640:KS,11/11/2015,21100.0,21100.0,20250.0,20250.0
733,180640:KS,10/11/2015,21450.0,21450.0,20450.0,20850.0
734,180640:KS,09/11/2015,22000.0,22000.0,21150.0,21650.0
735,180640:KS,06/11/2015,21600.0,22350.0,21600.0,21800.0
736,180640:KS,05/11/2015,21250.0,21750.0,21150.0,21550.0
737,180640:KS,04/11/2015,21650.0,21850.0,21250.0,21250.0
738,180640:KS,03/11/2015,21550.0,21700.0,21350.0,21600.0
739,180640:KS,02/11/2015,21750.0,21750.0,21250.0,21450.0
740,180640:KS,30/10/2015,22200.0,22200.0,21800.0,21800.0
741,180640:KS,29/10/2015,23150.0,23150.0,22100.0,22200.0
742,180640:KS,28/10/2015,23600.0,23750.0,23050.0,23050.0
743,180640:KS,27/10/2015,23250.0,23800.0,23250.0,23800.0
744,180640:KS,26/10/2015,23450.0,23600.0,23250.0,23300.0
745,180640:KS,23/10/2015,23100.0,23500.0,22700.0,23350.0
746,180640:KS,22/10/2015,23150.0,23200.0,22700.0,22700.0
747,180640:KS,21/10/2015,23000.0,23300.0,22900.0,23250.0
748,180640:KS,20/10/2015,23450.0,23500.0,22800.0,23000.0
749,180640:KS,19/10/2015,23500.0,23500.0,22800.0,23300.0
750,180640:KS,16/10/2015,23400.0,23550.0,23300.0,23300.0
751,180640:KS,15/10/2015,24050.0,24200.0,23200.0,23250.0
752,180640:KS,14/10/2015,24300.0,24600.0,23050.0,24350.0
753,180640:KS,13/10/2015,25000.0,25000.0,23800.0,24550.0
754,180640:KS,12/10/2015,24400.0,25050.0,24350.0,24850.0
755,180640:KS,08/10/2015,24900.0,24950.0,23850.0,24350.0
756,180640:KS,07/10/2015,24650.0,25000.0,24600.0,24900.0
757,180640:KS,06/10/2015,25350.0,25800.0,24750.0,24850.0
758,180640:KS,05/10/2015,25650.0,25700.0,24900.0,24900.0
759,180640:KS,02/10/2015,25100.0,25600.0,25100.0,25400.0
760,180640:KS,01/10/2015,24950.0,25400.0,24850.0,25050.0
761,180640:KS,30/09/2015,24250.0,25200.0,24100.0,25150.0
762,180640:KS,25/09/2015,24450.0,24850.0,24150.0,24750.0
763,180640:KS,24/09/2015,24550.0,24950.0,24300.0,24650.0
764,180640:KS,23/09/2015,25700.0,25700.0,24100.0,24250.0
765,180640:KS,22/09/2015,25700.0,25800.0,25300.0,25700.0
766,180640:KS,21/09/2015,25200.0,25900.0,25200.0,25700.0
767,180640:KS,18/09/2015,25200.0,25700.0,25150.0,25350.0
768,180640:KS,17/09/2015,25300.0,25950.0,25000.0,25150.0
769,180640:KS,16/09/2015,25600.0,25800.0,25050.0,25500.0
770,180640:KS,15/09/2015,25200.0,25700.0,25000.0,25500.0
771,180640:KS,14/09/2015,25250.0,25650.0,24900.0,25200.0
772,180640:KS,11/09/2015,24550.0,25550.0,24550.0,25500.0
773,180640:KS,10/09/2015,24000.0,25000.0,23600.0,25000.0
774,180640:KS,09/09/2015,23200.0,24150.0,23100.0,24000.0
775,180640:KS,08/09/2015,22900.0,23100.0,22100.0,22600.0
776,180640:KS,07/09/2015,23050.0,23250.0,22600.0,23050.0
777,180640:KS,04/09/2015,23850.0,23850.0,22750.0,23050.0
778,180640:KS,03/09/2015,23950.0,24800.0,23300.0,23800.0
779,180640:KS,02/09/2015,22900.0,23950.0,22750.0,23800.0
780,180640:KS,01/09/2015,24000.0,24700.0,23100.0,23750.0
781,180640:KS,31/08/2015,24250.0,24700.0,23800.0,24550.0
782,180640:KS,28/08/2015,23200.0,24500.0,23150.0,24400.0
783,180640:KS,27/08/2015,24100.0,24100.0,23100.0,23100.0
784,180640:KS,26/08/2015,22550.0,23800.0,22450.0,23550.0
785,180640:KS,25/08/2015,21950.0,23150.0,21250.0,22550.0
786,180640:KS,24/08/2015,22350.0,22950.0,21000.0,21550.0
787,180640:KS,21/08/2015,21600.0,23200.0,21450.0,22900.0
788,180640:KS,20/08/2015,22300.0,24150.0,22300.0,23050.0
789,180640:KS,19/08/2015,25600.0,25700.0,21300.0,23000.0
790,180640:KS,18/08/2015,27950.0,28000.0,24900.0,26350.0
791,180640:KS,17/08/2015,29800.0,29800.0,28550.0,28650.0
792,180640:KS,13/08/2015,29000.0,29950.0,28650.0,29800.0
793,180640:KS,12/08/2015,30400.0,30450.0,28050.0,29550.0
794,180640:KS,11/08/2015,31200.0,31250.0,30000.0,30000.0
795,180640:KS,10/08/2015,30350.0,31100.0,30200.0,31100.0
796,180640:KS,07/08/2015,30100.0,30350.0,29650.0,30150.0
797,180640:KS,06/08/2015,30200.0,30350.0,29800.0,30200.0
798,180640:KS,05/08/2015,30750.0,30750.0,29800.0,30000.0
799,180640:KS,04/08/2015,28600.0,30850.0,28550.0,30600.0
800,180640:KS,03/08/2015,28350.0,29250.0,27850.0,28450.0
801,180640:KS,31/07/2015,27850.0,28450.0,27850.0,28300.0
802,180640:KS,30/07/2015,29200.0,29400.0,28000.0,28300.0
803,180640:KS,29/07/2015,29450.0,29600.0,29100.0,29200.0
804,180640:KS,28/07/2015,29700.0,29700.0,29000.0,29400.0
805,180640:KS,27/07/2015,29450.0,29750.0,29200.0,29750.0
806,180640:KS,24/07/2015,30050.0,30150.0,29350.0,29600.0
807,180640:KS,23/07/2015,29850.0,30300.0,29750.0,30050.0
808,180640:KS,22/07/2015,29400.0,29750.0,29000.0,29450.0
809,180640:KS,21/07/2015,29750.0,30200.0,28950.0,29500.0
810,180640:KS,20/07/2015,29250.0,29950.0,29150.0,29700.0
811,180640:KS,17/07/2015,30150.0,30400.0,29050.0,29100.0
812,180640:KS,16/07/2015,29700.0,30250.0,29250.0,30000.0
813,180640:KS,15/07/2015,29900.0,30350.0,29050.0,29600.0
814,180640:KS,14/07/2015,30400.0,30650.0,29550.0,29550.0
815,180640:KS,13/07/2015,30050.0,30450.0,29100.0,30400.0
816,180640:KS,10/07/2015,29700.0,30050.0,28800.0,29750.0
817,180640:KS,09/07/2015,30150.0,30150.0,28400.0,30000.0
818,180640:KS,08/07/2015,30250.0,30750.0,29700.0,30600.0
819,180640:KS,07/07/2015,29450.0,30500.0,29150.0,30400.0
820,180640:KS,06/07/2015,28100.0,29000.0,28100.0,28500.0
821,180640:KS,03/07/2015,28850.0,29350.0,27850.0,28800.0
822,180640:KS,02/07/2015,29250.0,29450.0,28800.0,28850.0
823,180640:KS,01/07/2015,28000.0,29200.0,27500.0,29100.0
824,180640:KS,30/06/2015,26300.0,27650.0,26000.0,27400.0
825,180640:KS,29/06/2015,26400.0,27150.0,26000.0,26500.0
826,180640:KS,26/06/2015,27200.0,27550.0,26450.0,27050.0
827,180640:KS,25/06/2015,27000.0,27300.0,26500.0,27000.0
828,180640:KS,24/06/2015,27400.0,27400.0,26600.0,27100.0
829,180640:KS,23/06/2015,28000.0,28000.0,27000.0,27350.0
830,180640:KS,22/06/2015,27050.0,27800.0,26850.0,27600.0
831,180640:KS,19/06/2015,25850.0,26800.0,25400.0,26600.0
832,180640:KS,18/06/2015,26050.0,26400.0,25350.0,25950.0
833,180640:KS,17/06/2015,25850.0,25850.0,25000.0,25700.0
834,180640:KS,16/06/2015,24750.0,25700.0,24700.0,25700.0
835,180640:KS,15/06/2015,27100.0,27100.0,24800.0,24900.0
836,180640:KS,12/06/2015,28050.0,28350.0,26950.0,27200.0
837,180640:KS,11/06/2015,28300.0,28450.0,27700.0,28000.0
838,180640:KS,10/06/2015,28800.0,28900.0,27750.0,28500.0
839,180640:KS,09/06/2015,28750.0,29200.0,28500.0,28800.0
840,180640:KS,08/06/2015,28500.0,29350.0,28050.0,29100.0
841,180640:KS,05/06/2015,28000.0,28600.0,27700.0,28600.0
842,180640:KS,04/06/2015,27800.0,28700.0,27800.0,28350.0
843,180640:KS,03/06/2015,27400.0,28200.0,27050.0,28150.0
844,180640:KS,02/06/2015,29650.0,29650.0,28000.0,28300.0
845,180640:KS,01/06/2015,30200.0,30200.0,29150.0,29650.0
846,180640:KS,29/05/2015,30300.0,30950.0,30000.0,30900.0
847,180640:KS,28/05/2015,30750.0,31100.0,30450.0,30750.0
848,180640:KS,27/05/2015,31000.0,31150.0,30450.0,31050.0
849,180640:KS,26/05/2015,31200.0,31300.0,30250.0,30750.0
850,180640:KS,22/05/2015,32000.0,32000.0,30750.0,31100.0
851,180640:KS,21/05/2015,32700.0,32700.0,31450.0,32150.0
852,180640:KS,20/05/2015,31350.0,33350.0,31350.0,32700.0
853,180640:KS,19/05/2015,30900.0,31450.0,30600.0,31250.0
854,180640:KS,18/05/2015,31700.0,31700.0,30450.0,30550.0
855,180640:KS,15/05/2015,31750.0,32600.0,31050.0,31400.0
856,180640:KS,14/05/2015,30600.0,31950.0,30600.0,30800.0
857,180640:KS,13/05/2015,31200.0,31500.0,30500.0,30550.0
858,180640:KS,12/05/2015,32300.0,32550.0,30600.0,31100.0
859,180640:KS,11/05/2015,32450.0,33000.0,32050.0,32650.0
860,180640:KS,08/05/2015,32300.0,33300.0,32250.0,32400.0
861,180640:KS,07/05/2015,30400.0,31950.0,30200.0,31950.0
862,180640:KS,06/05/2015,31700.0,31700.0,29450.0,30650.0
863,180640:KS,04/05/2015,32800.0,33200.0,31950.0,32100.0
864,180640:KS,30/04/2015,33900.0,34450.0,32150.0,32950.0
865,180640:KS,29/04/2015,34200.0,34550.0,33700.0,34350.0
866,180640:KS,28/04/2015,34450.0,35200.0,34200.0,34350.0
867,180640:KS,27/04/2015,34950.0,35000.0,34150.0,34450.0
868,180640:KS,24/04/2015,37150.0,37300.0,33900.0,35300.0
869,180640:KS,23/04/2015,37900.0,38200.0,36200.0,37150.0
870,180640:KS,22/04/2015,36800.0,37600.0,35650.0,37100.0
871,180640:KS,21/04/2015,36350.0,36350.0,35250.0,36200.0
872,180640:KS,20/04/2015,34750.0,36100.0,34650.0,36000.0
873,180640:KS,17/04/2015,33850.0,34600.0,33800.0,34400.0
874,180640:KS,16/04/2015,34700.0,34700.0,33500.0,33850.0
875,180640:KS,15/04/2015,34650.0,35050.0,34350.0,35000.0
876,180640:KS,14/04/2015,35350.0,35850.0,34450.0,34650.0
877,180640:KS,13/04/2015,36100.0,36100.0,34900.0,35500.0
878,180640:KS,10/04/2015,35500.0,36300.0,35250.0,36100.0
879,180640:KS,09/04/2015,37200.0,37750.0,35700.0,36150.0
880,180640:KS,08/04/2015,36000.0,36900.0,35600.0,36800.0
881,180640:KS,07/04/2015,37000.0,37000.0,35400.0,36250.0
882,180640:KS,06/04/2015,37000.0,37250.0,35500.0,37200.0
883,180640:KS,03/04/2015,35950.0,37400.0,35650.0,36850.0
884,180640:KS,02/04/2015,35900.0,36450.0,35150.0,35650.0
885,180640:KS,01/04/2015,35400.0,36450.0,35200.0,36350.0
886,180640:KS,31/03/2015,35000.0,36100.0,34600.0,35750.0
887,180640:KS,30/03/2015,32000.0,35000.0,32000.0,34600.0
888,180640:KS,27/03/2015,31500.0,31800.0,31000.0,31800.0
889,180640:KS,26/03/2015,32450.0,32550.0,31300.0,31600.0
890,180640:KS,25/03/2015,32700.0,33000.0,32350.0,32800.0
891,180640:KS,24/03/2015,31500.0,32950.0,31500.0,32800.0
892,180640:KS,23/03/2015,31750.0,32050.0,31200.0,32000.0
893,180640:KS,20/03/2015,31600.0,32000.0,31450.0,31900.0
894,180640:KS,19/03/2015,31950.0,32150.0,31100.0,31950.0
895,180640:KS,18/03/2015,31950.0,32450.0,31600.0,31850.0
896,180640:KS,17/03/2015,31550.0,32300.0,31450.0,31900.0
897,180640:KS,16/03/2015,30000.0,31100.0,29500.0,30950.0
898,180640:KS,13/03/2015,30550.0,30550.0,29400.0,30000.0
899,180640:KS,12/03/2015,28650.0,30150.0,28400.0,30100.0
900,180640:KS,11/03/2015,28200.0,28950.0,28150.0,28650.0
901,180640:KS,10/03/2015,29700.0,29700.0,28150.0,28300.0
902,180640:KS,09/03/2015,29700.0,29750.0,29050.0,29400.0
903,180640:KS,06/03/2015,30000.0,30000.0,29250.0,29300.0
904,180640:KS,05/03/2015,29900.0,30050.0,29300.0,29850.0
905,180640:KS,04/03/2015,30100.0,30350.0,29700.0,29800.0
906,180640:KS,03/03/2015,30900.0,31450.0,29800.0,30100.0
907,180640:KS,02/03/2015,31400.0,32150.0,30750.0,30850.0
908,180640:KS,27/02/2015,30400.0,31400.0,30350.0,31300.0
909,180640:KS,26/02/2015,30300.0,30650.0,29850.0,30350.0
910,180640:KS,25/02/2015,30350.0,30450.0,30000.0,30250.0
911,180640:KS,24/02/2015,29950.0,30600.0,29450.0,30100.0
912,180640:KS,23/02/2015,30100.0,30300.0,29850.0,30150.0
913,180640:KS,17/02/2015,29050.0,29900.0,28750.0,29800.0
914,180640:KS,16/02/2015,29950.0,30000.0,28950.0,29400.0
915,180640:KS,13/02/2015,30500.0,30800.0,29500.0,30400.0
916,180640:KS,12/02/2015,31050.0,31300.0,30300.0,30400.0
917,180640:KS,11/02/2015,31200.0,31350.0,30600.0,31050.0
918,180640:KS,10/02/2015,31100.0,31800.0,30450.0,31000.0
919,180640:KS,09/02/2015,32000.0,32150.0,31200.0,31450.0
920,180640:KS,06/02/2015,32100.0,32600.0,31550.0,32250.0
921,180640:KS,05/02/2015,32100.0,33000.0,31400.0,32150.0
922,180640:KS,04/02/2015,31000.0,31900.0,30750.0,31600.0
923,180640:KS,03/02/2015,31500.0,31600.0,30900.0,31450.0
924,180640:KS,02/02/2015,31550.0,32150.0,30850.0,31700.0
925,180640:KS,30/01/2015,32800.0,33000.0,31850.0,32650.0
926,180640:KS,29/01/2015,31450.0,33350.0,31050.0,32500.0
927,180640:KS,28/01/2015,31300.0,31300.0,30600.0,31150.0
928,180640:KS,27/01/2015,32000.0,32050.0,31250.0,31250.0
929,180640:KS,26/01/2015,31150.0,31950.0,30800.0,31900.0
930,180640:KS,23/01/2015,31500.0,31700.0,30700.0,31150.0
931,180640:KS,22/01/2015,32150.0,32150.0,30950.0,31150.0
932,180640:KS,21/01/2015,31900.0,32700.0,31750.0,32150.0
933,180640:KS,20/01/2015,30800.0,32150.0,30550.0,31600.0
934,180640:KS,19/01/2015,31900.0,31900.0,30450.0,30800.0
935,180640:KS,16/01/2015,30800.0,32000.0,30300.0,31650.0
936,180640:KS,15/01/2015,30700.0,31200.0,30350.0,30800.0
937,180640:KS,14/01/2015,30500.0,31000.0,30350.0,30800.0
938,180640:KS,13/01/2015,30600.0,31600.0,29750.0,29950.0
939,180640:KS,12/01/2015,31700.0,31850.0,29950.0,30600.0
940,180640:KS,09/01/2015,31150.0,32100.0,31150.0,31700.0
941,180640:KS,08/01/2015,31000.0,31400.0,30400.0,31350.0
942,180640:KS,07/01/2015,29950.0,31500.0,29450.0,31350.0
943,180640:KS,06/01/2015,31750.0,33050.0,31050.0,31150.0
944,180640:KS,05/01/2015,31550.0,32200.0,30850.0,31600.0
945,180640:KS,30/12/2014,29800.0,31450.0,29800.0,30700.0
946,180640:KS,29/12/2014,30250.0,30550.0,29900.0,30000.0
947,180640:KS,23/12/2014,30650.0,30700.0,29450.0,29700.0
948,180640:KS,22/12/2014,28950.0,30700.0,28200.0,29900.0
949,180640:KS,19/12/2014,29700.0,30500.0,29050.0,29300.0
950,180640:KS,18/12/2014,29100.0,29350.0,27900.0,29100.0
951,180640:KS,17/12/2014,30850.0,30900.0,28600.0,29400.0
952,180640:KS,16/12/2014,29900.0,31400.0,29350.0,31100.0
953,180640:KS,15/12/2014,29800.0,30850.0,29500.0,29950.0
954,180640:KS,12/12/2014,31200.0,31500.0,29750.0,30500.0
955,180640:KS,11/12/2014,32850.0,33350.0,31100.0,31100.0
956,180640:KS,10/12/2014,32450.0,32800.0,30850.0,32500.0
957,180640:KS,09/12/2014,31750.0,32850.0,31250.0,32600.0
958,180640:KS,08/12/2014,31200.0,31800.0,30750.0,31400.0
959,180640:KS,05/12/2014,31000.0,31700.0,30500.0,30600.0
960,180640:KS,04/12/2014,30450.0,31650.0,30450.0,30700.0
961,180640:KS,03/12/2014,31550.0,32250.0,30650.0,30750.0
962,180640:KS,02/12/2014,30600.0,31800.0,30100.0,31450.0
963,180640:KS,01/12/2014,30000.0,32500.0,29950.0,31250.0
964,180640:KS,28/11/2014,27850.0,29450.0,27550.0,29250.0
965,180640:KS,27/11/2014,27800.0,28050.0,27050.0,27100.0
966,180640:KS,26/11/2014,26700.0,28050.0,26600.0,27450.0
967,180640:KS,25/11/2014,27150.0,27250.0,26200.0,26200.0
968,180640:KS,24/11/2014,27900.0,27900.0,26600.0,26800.0
969,180640:KS,21/11/2014,28800.0,28900.0,27100.0,27900.0
970,180640:KS,20/11/2014,28200.0,29150.0,28150.0,28900.0
971,180640:KS,19/11/2014,28850.0,29400.0,28200.0,29100.0
972,180640:KS,18/11/2014,27600.0,28950.0,27350.0,28800.0
973,180640:KS,17/11/2014,29250.0,29950.0,27800.0,28300.0
974,180640:KS,14/11/2014,30650.0,30900.0,28950.0,29400.0
975,180640:KS,13/11/2014,30250.0,30850.0,29900.0,30500.0
976,180640:KS,12/11/2014,30750.0,31300.0,29650.0,30250.0
977,180640:KS,11/11/2014,27600.0,31400.0,27550.0,30700.0
978,180640:KS,10/11/2014,28000.0,28300.0,27200.0,27400.0
979,180640:KS,07/11/2014,25750.0,28000.0,25700.0,27800.0
980,180640:KS,06/11/2014,25550.0,26250.0,25250.0,25700.0
981,180640:KS,05/11/2014,25650.0,26450.0,25250.0,25450.0
982,180640:KS,04/11/2014,26200.0,26350.0,25500.0,25500.0
983,180640:KS,03/11/2014,26700.0,26700.0,25900.0,26250.0
984,180640:KS,31/10/2014,25750.0,26650.0,25650.0,26500.0
985,180640:KS,30/10/2014,25850.0,26350.0,25200.0,26000.0
986,180640:KS,29/10/2014,26450.0,26650.0,25550.0,26050.0
987,180640:KS,28/10/2014,26250.0,26700.0,25900.0,26250.0
988,180640:KS,27/10/2014,25900.0,26300.0,25400.0,26100.0
989,180640:KS,24/10/2014,25600.0,26150.0,25400.0,25700.0
990,180640:KS,23/10/2014,25100.0,25850.0,25100.0,25500.0
991,180640:KS,22/10/2014,25150.0,25500.0,25000.0,25200.0
992,180640:KS,21/10/2014,24800.0,25600.0,24700.0,25250.0
993,180640:KS,20/10/2014,24700.0,25100.0,24600.0,24800.0
994,180640:KS,17/10/2014,25400.0,25400.0,24550.0,24850.0
995,180640:KS,16/10/2014,24900.0,25450.0,24550.0,25300.0
996,180640:KS,15/10/2014,24000.0,25400.0,23950.0,25200.0
997,180640:KS,14/10/2014,23350.0,24150.0,23250.0,23600.0
998,180640:KS,13/10/2014,23250.0,23700.0,23050.0,23650.0
999,180640:KS,10/10/2014,24250.0,24250.0,23300.0,23400.0
1000,180640:KS,08/10/2014,24150.0,24300.0,23400.0,24300.0
1001,180640:KS,07/10/2014,24050.0,24750.0,24000.0,24300.0
1002,180640:KS,06/10/2014,25150.0,25400.0,24150.0,24250.0
1003,180640:KS,02/10/2014,25200.0,25450.0,24900.0,25100.0
1004,180640:KS,01/10/2014,25800.0,26250.0,25500.0,25500.0
1005,180640:KS,30/09/2014,25500.0,26150.0,25350.0,25900.0
1006,180640:KS,29/09/2014,25000.0,26150.0,25000.0,25500.0
1007,180640:KS,26/09/2014,25850.0,25950.0,24100.0,24950.0
1008,180640:KS,25/09/2014,27250.0,27300.0,26000.0,26200.0
1009,180640:KS,24/09/2014,25900.0,27500.0,25750.0,27100.0
1010,180640:KS,23/09/2014,28400.0,28450.0,27750.0,28350.0
1011,180640:KS,22/09/2014,29150.0,29400.0,28050.0,28650.0
1012,180640:KS,19/09/2014,26400.0,28850.0,26200.0,28850.0
1013,180640:KS,18/09/2014,26600.0,26750.0,26000.0,26350.0
1014,180640:KS,17/09/2014,25700.0,27050.0,25550.0,26550.0
1015,180640:KS,16/09/2014,26200.0,26300.0,25500.0,25550.0
1016,180640:KS,15/09/2014,25800.0,26150.0,25700.0,26150.0
1017,180640:KS,12/09/2014,26400.0,26550.0,25850.0,26000.0
1018,180640:KS,11/09/2014,26800.0,27150.0,26150.0,26600.0
1019,180640:KS,05/09/2014,27050.0,27200.0,26600.0,26850.0
1020,180640:KS,04/09/2014,26750.0,27400.0,26500.0,27000.0
1021,180640:KS,03/09/2014,25800.0,26850.0,25700.0,26800.0
1022,180640:KS,02/09/2014,25800.0,25850.0,25300.0,25800.0
1023,180640:KS,01/09/2014,26300.0,26350.0,25550.0,25750.0
1024,180640:KS,29/08/2014,25850.0,26400.0,25700.0,26000.0
1025,180640:KS,28/08/2014,25100.0,26200.0,24800.0,25850.0
1026,180640:KS,27/08/2014,25200.0,25350.0,24650.0,24850.0
1027,180640:KS,26/08/2014,25400.0,25600.0,24800.0,24950.0
1028,180640:KS,25/08/2014,25150.0,25500.0,24750.0,25500.0
1029,180640:KS,22/08/2014,25000.0,25650.0,24700.0,25100.0
1030,180640:KS,21/08/2014,25050.0,25150.0,24350.0,25050.0
1031,180640:KS,20/08/2014,24250.0,25250.0,23900.0,25050.0
1032,180640:KS,19/08/2014,24250.0,24300.0,23800.0,24250.0
1033,180640:KS,18/08/2014,23900.0,24400.0,23850.0,24150.0
1034,180640:KS,14/08/2014,23750.0,24050.0,23150.0,23750.0
1035,180640:KS,13/08/2014,23800.0,24350.0,23300.0,23500.0
1036,180640:KS,12/08/2014,23900.0,24100.0,23450.0,23650.0
1037,180640:KS,11/08/2014,24500.0,24950.0,23700.0,23850.0
1038,180640:KS,08/08/2014,24800.0,25100.0,23850.0,24300.0
1039,180640:KS,07/08/2014,25450.0,25500.0,24750.0,24800.0
1040,180640:KS,06/08/2014,25750.0,25750.0,24650.0,25450.0
1041,180640:KS,05/08/2014,26350.0,26350.0,25100.0,25750.0
1042,180640:KS,04/08/2014,26000.0,26350.0,25600.0,26150.0
1043,180640:KS,01/08/2014,25800.0,26550.0,25650.0,25950.0
1044,180640:KS,31/07/2014,25400.0,26400.0,24950.0,26200.0
1045,180640:KS,30/07/2014,26900.0,27300.0,23600.0,25400.0
1046,180640:KS,29/07/2014,26700.0,27150.0,26300.0,26750.0
1047,180640:KS,28/07/2014,26650.0,26800.0,26100.0,26600.0
1048,180640:KS,25/07/2014,26800.0,26800.0,26100.0,26600.0
1049,180640:KS,24/07/2014,27650.0,27700.0,26550.0,26750.0
1050,180640:KS,23/07/2014,27350.0,27700.0,27000.0,27400.0
1051,180640:KS,22/07/2014,26400.0,27450.0,26400.0,27300.0
1052,180640:KS,21/07/2014,26400.0,26700.0,25950.0,26350.0
1053,180640:KS,18/07/2014,25650.0,26250.0,25450.0,26000.0
1054,180640:KS,17/07/2014,26500.0,26700.0,25100.0,25800.0
1055,180640:KS,16/07/2014,26500.0,27550.0,26050.0,26300.0
1056,180640:KS,15/07/2014,26250.0,26500.0,25650.0,26250.0
1057,180640:KS,14/07/2014,26500.0,26500.0,25950.0,26100.0
1058,180640:KS,11/07/2014,25650.0,26300.0,25400.0,26300.0
1059,180640:KS,10/07/2014,26100.0,26350.0,25750.0,25850.0
1060,180640:KS,09/07/2014,26700.0,26700.0,25900.0,26100.0
1061,180640:KS,08/07/2014,26650.0,27100.0,26250.0,26850.0
1062,180640:KS,07/07/2014,26350.0,26900.0,25850.0,26850.0
1063,180640:KS,04/07/2014,26450.0,26800.0,25950.0,26400.0
1064,180640:KS,03/07/2014,25500.0,26550.0,25150.0,26250.0
1065,180640:KS,02/07/2014,24200.0,25250.0,24200.0,25050.0
1066,180640:KS,01/07/2014,24150.0,24200.0,23650.0,23950.0
1067,180640:KS,30/06/2014,24650.0,24650.0,24100.0,24150.0
1068,180640:KS,27/06/2014,23700.0,24550.0,23450.0,24450.0
1069,180640:KS,26/06/2014,23600.0,24050.0,23400.0,23800.0
1070,180640:KS,25/06/2014,24600.0,24750.0,23650.0,23650.0
1071,180640:KS,24/06/2014,24450.0,24950.0,24100.0,24800.0
1072,180640:KS,23/06/2014,25300.0,25350.0,23950.0,24500.0
1073,180640:KS,20/06/2014,25650.0,25850.0,25250.0,25450.0
1074,180640:KS,19/06/2014,25300.0,25950.0,25150.0,25800.0
1075,180640:KS,18/06/2014,25800.0,26200.0,25150.0,25300.0
1076,180640:KS,17/06/2014,25900.0,26150.0,25650.0,25800.0
1077,180640:KS,16/06/2014,26850.0,26950.0,25600.0,25900.0
1078,180640:KS,13/06/2014,26600.0,27450.0,26300.0,26850.0
1079,180640:KS,12/06/2014,26550.0,26900.0,26150.0,26850.0
1080,180640:KS,11/06/2014,26650.0,26950.0,26300.0,26750.0
1081,180640:KS,10/06/2014,27150.0,27150.0,26300.0,26700.0
1082,180640:KS,09/06/2014,27600.0,27700.0,26450.0,27200.0
1083,180640:KS,05/06/2014,27100.0,28150.0,26900.0,27300.0
1084,180640:KS,03/06/2014,26850.0,27500.0,26200.0,27100.0
1085,180640:KS,02/06/2014,25800.0,27100.0,25600.0,26700.0
1086,180640:KS,30/05/2014,24650.0,25500.0,24200.0,25150.0
1087,180640:KS,29/05/2014,24950.0,25350.0,24500.0,24500.0
1088,180640:KS,28/05/2014,24300.0,25150.0,24100.0,24950.0
1089,180640:KS,27/05/2014,24400.0,24500.0,23600.0,24200.0
1090,180640:KS,26/05/2014,24100.0,24750.0,23900.0,24150.0
1091,180640:KS,23/05/2014,24000.0,24450.0,23900.0,24150.0
1092,180640:KS,22/05/2014,24200.0,24300.0,23450.0,23950.0
1093,180640:KS,21/05/2014,23850.0,24400.0,23550.0,23900.0
1094,180640:KS,20/05/2014,22100.0,24100.0,22000.0,23750.0
1095,180640:KS,19/05/2014,22000.0,22150.0,21550.0,21550.0
1096,180640:KS,16/05/2014,22100.0,22350.0,22000.0,22100.0
1097,180640:KS,15/05/2014,21400.0,22400.0,21250.0,22150.0
1098,180640:KS,14/05/2014,21800.0,22000.0,21550.0,21550.0
1099,180640:KS,13/05/2014,21750.0,21950.0,21500.0,21800.0
1100,180640:KS,12/05/2014,22200.0,22200.0,21750.0,21800.0
1101,180640:KS,09/05/2014,22150.0,22200.0,21450.0,22100.0
1102,180640:KS,08/05/2014,22650.0,22650.0,21650.0,22000.0
1103,180640:KS,07/05/2014,22350.0,22650.0,22300.0,22450.0
1104,180640:KS,02/05/2014,22150.0,22700.0,22150.0,22350.0
1105,180640:KS,30/04/2014,22300.0,22500.0,22100.0,22100.0
1106,180640:KS,29/04/2014,22450.0,22800.0,22100.0,22150.0
1107,180640:KS,28/04/2014,22700.0,23000.0,22050.0,22350.0
1108,180640:KS,25/04/2014,23600.0,23800.0,22600.0,23000.0
1109,180640:KS,24/04/2014,23800.0,23900.0,23250.0,23650.0
1110,180640:KS,23/04/2014,24550.0,24700.0,23700.0,23700.0
1111,180640:KS,22/04/2014,25000.0,25000.0,24600.0,24700.0
1112,180640:KS,21/04/2014,25050.0,25150.0,24500.0,24950.0
1113,180640:KS,18/04/2014,24900.0,25150.0,24650.0,25050.0
1114,180640:KS,17/04/2014,25250.0,25350.0,24800.0,25050.0
1115,180640:KS,16/04/2014,24750.0,25200.0,24550.0,25000.0
1116,180640:KS,15/04/2014,25000.0,25100.0,24650.0,24700.0
1117,180640:KS,14/04/2014,24100.0,25100.0,24000.0,24850.0
1118,180640:KS,11/04/2014,24000.0,24300.0,23550.0,24100.0
1119,180640:KS,10/04/2014,25250.0,25300.0,24100.0,24250.0
1120,180640:KS,09/04/2014,25000.0,25400.0,24700.0,25000.0
1121,180640:KS,08/04/2014,24600.0,25600.0,24600.0,25000.0
1122,180640:KS,07/04/2014,25300.0,25800.0,24450.0,24900.0
1123,180640:KS,04/04/2014,25100.0,26200.0,24950.0,25500.0
1124,180640:KS,03/04/2014,25250.0,25650.0,24800.0,25100.0
1125,180640:KS,02/04/2014,23900.0,25450.0,23850.0,25250.0
1126,180640:KS,01/04/2014,23450.0,23650.0,23050.0,23450.0
1127,180640:KS,31/03/2014,23950.0,24050.0,23000.0,23500.0
1128,180640:KS,28/03/2014,23700.0,24150.0,23400.0,23850.0
1129,180640:KS,27/03/2014,23500.0,23950.0,23050.0,23550.0
1130,180640:KS,26/03/2014,23600.0,24250.0,23150.0,23750.0
1131,180640:KS,25/03/2014,24150.0,24300.0,23200.0,23250.0
1132,180640:KS,24/03/2014,25000.0,25200.0,23550.0,23600.0
1133,180640:KS,21/03/2014,24350.0,25450.0,24350.0,25100.0
1134,180640:KS,20/03/2014,24100.0,24650.0,23700.0,24300.0
1135,180640:KS,19/03/2014,23750.0,24450.0,23400.0,24250.0
1136,180640:KS,18/03/2014,23500.0,24150.0,23200.0,23550.0
1137,180640:KS,17/03/2014,22700.0,23900.0,22250.0,23550.0
1138,180640:KS,14/03/2014,22650.0,23250.0,22450.0,22700.0
1139,180640:KS,13/03/2014,22050.0,23200.0,21750.0,23000.0
1140,180640:KS,12/03/2014,20650.0,22150.0,20500.0,21900.0
1141,180640:KS,11/03/2014,20650.0,20950.0,20100.0,20550.0
1142,180640:KS,10/03/2014,21400.0,21400.0,20450.0,20650.0
1143,180640:KS,07/03/2014,21300.0,21400.0,20950.0,21300.0
1144,180640:KS,06/03/2014,20950.0,21450.0,20750.0,21150.0
1145,180640:KS,05/03/2014,21000.0,21150.0,20600.0,20950.0
1146,180640:KS,04/03/2014,20000.0,21050.0,19900.0,20700.0
1147,180640:KS,03/03/2014,20450.0,20600.0,20000.0,20050.0
1148,180640:KS,28/02/2014,20850.0,21200.0,20400.0,20700.0
1149,180640:KS,27/02/2014,21200.0,21200.0,20450.0,20650.0
1150,180640:KS,26/02/2014,21550.0,21600.0,21000.0,21150.0
1151,180640:KS,25/02/2014,21900.0,22000.0,20950.0,21350.0
1152,180640:KS,24/02/2014,22500.0,22550.0,21650.0,21750.0
1153,180640:KS,21/02/2014,22700.0,23200.0,22350.0,22700.0
1154,180640:KS,20/02/2014,22800.0,23150.0,22400.0,22400.0
1155,180640:KS,19/02/2014,22100.0,23150.0,21700.0,22900.0
1156,180640:KS,18/02/2014,22550.0,22550.0,21800.0,22200.0
1157,180640:KS,17/02/2014,21000.0,22400.0,21000.0,22400.0
1158,180640:KS,14/02/2014,20950.0,21400.0,20800.0,20900.0
1159,180640:KS,13/02/2014,20850.0,21400.0,20800.0,20800.0
1160,180640:KS,12/02/2014,20900.0,21150.0,20500.0,20900.0
1161,180640:KS,11/02/2014,22000.0,22100.0,20600.0,20650.0
1162,180640:KS,10/02/2014,22350.0,22500.0,21850.0,22200.0
1163,180640:KS,07/02/2014,22300.0,22650.0,21950.0,22200.0
1164,180640:KS,06/02/2014,22850.0,23800.0,21800.0,21950.0
1165,180640:KS,05/02/2014,22950.0,22950.0,21900.0,22450.0
1166,180640:KS,04/02/2014,23200.0,23550.0,22550.0,22550.0
1167,180640:KS,03/02/2014,23000.0,23800.0,23000.0,23500.0
1168,180640:KS,29/01/2014,22550.0,23500.0,22400.0,23250.0
1169,180640:KS,28/01/2014,22500.0,22850.0,21650.0,22350.0
1170,180640:KS,27/01/2014,22500.0,23400.0,22500.0,22500.0
1171,180640:KS,24/01/2014,21850.0,23550.0,21850.0,22950.0
1172,180640:KS,23/01/2014,22200.0,22900.0,22000.0,22150.0
1173,180640:KS,22/01/2014,20300.0,22250.0,19900.0,22150.0
1174,180640:KS,21/01/2014,21300.0,21350.0,20500.0,20500.0
1175,180640:KS,20/01/2014,20750.0,21250.0,20550.0,21150.0
1176,180640:KS,17/01/2014,21300.0,21300.0,20650.0,20950.0
1177,180640:KS,16/01/2014,21500.0,22150.0,21100.0,21300.0
1178,180640:KS,15/01/2014,20800.0,21500.0,20550.0,21500.0
1179,180640:KS,14/01/2014,20400.0,21550.0,20300.0,20700.0
1180,180640:KS,13/01/2014,21000.0,21750.0,20200.0,20600.0
1181,180640:KS,10/01/2014,20400.0,21400.0,19700.0,21200.0
1182,180640:KS,09/01/2014,19600.0,21100.0,19450.0,20400.0
1183,180640:KS,08/01/2014,17200.0,19800.0,17200.0,19300.0
1184,180640:KS,07/01/2014,16650.0,17450.0,16550.0,17250.0
1185,180640:KS,06/01/2014,16650.0,16900.0,16550.0,16800.0
1186,180640:KS,03/01/2014,16450.0,16900.0,16250.0,16800.0
1187,180640:KS,02/01/2014,16450.0,16850.0,16050.0,16450.0
1188,180640:KS,30/12/2013,16150.0,16850.0,16000.0,16400.0
1189,180640:KS,27/12/2013,15350.0,16200.0,15300.0,16000.0
1190,180640:KS,26/12/2013,16000.0,16050.0,15250.0,15250.0
1191,180640:KS,24/12/2013,15900.0,16650.0,15550.0,15800.0
1192,180640:KS,23/12/2013,15450.0,16100.0,15350.0,15900.0
1193,180640:KS,20/12/2013,15650.0,15850.0,15050.0,15550.0
1194,180640:KS,19/12/2013,16050.0,16450.0,15400.0,15750.0
1195,180640:KS,18/12/2013,14050.0,16200.0,14050.0,15600.0
1196,180640:KS,17/12/2013,14550.0,14650.0,13950.0,14200.0
1197,180640:KS,16/12/2013,14700.0,14950.0,14200.0,14350.0
1198,180640:KS,13/12/2013,16000.0,16150.0,13800.0,14800.0
1199,180640:KS,12/12/2013,16500.0,16750.0,16150.0,16200.0
1200,180640:KS,11/12/2013,16150.0,16950.0,16000.0,16700.0
1201,180640:KS,10/12/2013,16600.0,16750.0,15800.0,16150.0
1202,180640:KS,09/12/2013,16900.0,17000.0,16500.0,16550.0
1203,180640:KS,06/12/2013,16000.0,17350.0,15800.0,16800.0
1204,180640:KS,05/12/2013,16500.0,16500.0,15850.0,15900.0
1205,180640:KS,04/12/2013,16200.0,17000.0,16200.0,16500.0
1206,180640:KS,03/12/2013,16350.0,16500.0,16000.0,16500.0
1207,180640:KS,02/12/2013,15600.0,16500.0,15350.0,16350.0
1208,180640:KS,29/11/2013,14000.0,14450.0,14000.0,14400.0
1209,180640:KS,28/11/2013,14150.0,14450.0,14050.0,14050.0
1210,180640:KS,27/11/2013,14550.0,14700.0,14050.0,14250.0
1211,180640:KS,26/11/2013,14250.0,14600.0,13800.0,14550.0
1212,180640:KS,25/11/2013,14150.0,14500.0,14150.0,14400.0
1213,180640:KS,22/11/2013,14150.0,14350.0,13950.0,14150.0
1214,180640:KS,21/11/2013,13250.0,14150.0,13200.0,13900.0
1215,180640:KS,20/11/2013,12300.0,13500.0,12300.0,13350.0
1216,180640:KS,19/11/2013,12250.0,12700.0,12050.0,12200.0
1217,180640:KS,18/11/2013,12600.0,12650.0,12100.0,12200.0
1218,180640:KS,15/11/2013,12700.0,13100.0,12450.0,12600.0
1219,180640:KS,14/11/2013,12550.0,12800.0,12400.0,12700.0
1220,180640:KS,13/11/2013,12500.0,13050.0,12350.0,12600.0
1221,180640:KS,12/11/2013,12400.0,12900.0,12300.0,12400.0
1222,180640:KS,11/11/2013,12800.0,13100.0,12200.0,12250.0
1223,180640:KS,08/11/2013,13000.0,13000.0,12600.0,12750.0
1224,180640:KS,07/11/2013,13400.0,13500.0,12900.0,13000.0
1225,180640:KS,06/11/2013,13650.0,13850.0,13150.0,13300.0
1226,180640:KS,05/11/2013,14200.0,14250.0,13600.0,13800.0
1227,180640:KS,04/11/2013,14250.0,14500.0,14000.0,14150.0
1228,180640:KS,01/11/2013,14500.0,14550.0,13900.0,14250.0
1229,180640:KS,31/10/2013,15100.0,15350.0,14050.0,14050.0
1230,180640:KS,30/10/2013,16050.0,16150.0,15700.0,15800.0
1231,180640:KS,29/10/2013,15900.0,16100.0,15700.0,16050.0
1232,180640:KS,28/10/2013,16000.0,16700.0,15600.0,15750.0
1233,180640:KS,25/10/2013,15500.0,15800.0,15200.0,15500.0
1234,180640:KS,24/10/2013,15300.0,15450.0,14850.0,15400.0
1235,180640:KS,23/10/2013,14900.0,15850.0,14900.0,15100.0
1236,180640:KS,22/10/2013,14600.0,14950.0,14450.0,14800.0
1237,180640:KS,21/10/2013,14500.0,14850.0,14200.0,14650.0
1238,180640:KS,18/10/2013,13550.0,14500.0,13300.0,14400.0
1239,180640:KS,17/10/2013,14250.0,14350.0,13300.0,13650.0
1240,180640:KS,16/10/2013,14400.0,14750.0,13850.0,14250.0
1241,180640:KS,15/10/2013,14350.0,14850.0,14300.0,14400.0
1242,180640:KS,14/10/2013,14900.0,15150.0,14300.0,14350.0
1243,180640:KS,11/10/2013,15500.0,15600.0,14800.0,14950.0
1244,180640:KS,10/10/2013,14950.0,15400.0,14750.0,15200.0
1245,180640:KS,08/10/2013,15100.0,15150.0,14550.0,15100.0
1246,180640:KS,07/10/2013,14500.0,15200.0,14450.0,14850.0
1247,180640:KS,04/10/2013,16000.0,16050.0,14550.0,14550.0
1248,180640:KS,02/10/2013,16250.0,16900.0,16000.0,16250.0
1249,180640:KS,01/10/2013,17000.0,17300.0,15950.0,16100.0
1250,180640:KS,30/09/2013,17200.0,18450.0,16800.0,17000.0
1251,180640:KS,27/09/2013,16600.0,18100.0,16600.0,17600.0
1252,180640:KS,26/09/2013,14350.0,16300.0,14150.0,16300.0
1253,180640:KS,25/09/2013,12800.0,14700.0,12500.0,14200.0
1254,180640:KS,24/09/2013,12400.0,12800.0,12250.0,12800.0
1255,180640:KS,23/09/2013,12800.0,12850.0,12100.0,12200.0
1256,180640:KS,17/09/2013,12500.0,13850.0,12300.0,12950.0
